business_status,geometry,icon,icon_background_color,icon_mask_base_uri,name,opening_hours,photos,place_id,plus_code,rating,reference,scope,types,user_ratings_total,vicinity
OPERATIONAL,"{'location': {'lat': 34.0565483, 'lng': -117.723233}, 'viewport': {'northeast': {'lat': 34.05790677989272, 'lng': -117.7218803701073}, 'southwest': {'lat': 34.05520712010727, 'lng': -117.7245800298927}}}",https://maps.gstatic.com/mapfiles/place_api/icons/v1/png_71/generic_business-71.png,#7B9EB0,https://maps.gstatic.com/mapfiles/place_api/icons/v2/generic_pinlet,Triple R Machines INC,{'open_now': True},"[{'height': 4032, 'html_attributions': ['<a href=""https://maps.google.com/maps/contrib/105798395389794159951"">A Google User</a>'], 'photo_reference': 'AWU5eFjmAnvefH1zt7QrneV3PksC--g0PJbpnDe-QK2g2VJdKTsX4g5UB1iZB5QccP6PErFTdftDS9pdsT7dxGm261_hbRO1u6Ui1XtqkxB2wjpUTR7l_Q0WBM76k3S-l7-h9HYbw5EDw44_tS0LWwCR0-qKnHXwV4wO3-nVoKNTV8P1buHi', 'width': 3024}]",ChIJMZW8PhIyw4AROSp6JsGFFg8,"{'compound_code': '374G+JP Pomona, California', 'global_code': '8564374G+JP'}",5.0,ChIJMZW8PhIyw4AROSp6JsGFFg8,GOOGLE,"['point_of_interest', 'establishment']",1,"380 S East End Ave g, Pomona"
OPERATIONAL,"{'location': {'lat': 34.0858286, 'lng': -117.5876911}, 'viewport': {'northeast': {'lat': 34.08718047989272, 'lng': -117.5864483201073}, 'southwest': {'lat': 34.08448082010727, 'lng': -117.5891479798927}}}",https://maps.gstatic.com/mapfiles/place_api/icons/v1/png_71/generic_business-71.png,#7B9EB0,https://maps.gstatic.com/mapfiles/place_api/icons/v2/generic_pinlet,L&R Machine,{'open_now': True},"[{'height': 1932, 'html_attributions': ['<a href=""https://maps.google.com/maps/contrib/101260095905637832431"">A Google User</a>'], 'photo_reference': 'AWU5eFjC85of3iYrPfdnLRLcLXbpxefOZIpoRpX9HIoYavofvtiCxgxQOXXBlqE1qaqAjnp7MEIje1ifnhd_5z1oXCb0Zk5q_W4CBcbUBNPq1bfAVdgqMABS92EyvVmKDGodIWN--9DsUaM92SIMWV1yuoR0W_Dr72_vFht5SPrHxIxlDcC5', 'width': 2576}]",ChIJQVf7Wn41w4ARNMKsOQgIs-c,"{'compound_code': '3CP6+8W Rancho Cucamonga, California', 'global_code': '85643CP6+8W'}",0.0,ChIJQVf7Wn41w4ARNMKsOQgIs-c,GOOGLE,"['point_of_interest', 'establishment']",0,"10022 6th St Suite D, Rancho Cucamonga"
OPERATIONAL,"{'location': {'lat': 34.09277770000001, 'lng': -117.6005361}, 'viewport': {'northeast': {'lat': 34.09412742989272, 'lng': -117.5991435201073}, 'southwest': {'lat': 34.09142777010727, 'lng': -117.6018431798928}}}",https://maps.gstatic.com/mapfiles/place_api/icons/v1/png_71/generic_business-71.png,#7B9EB0,https://maps.gstatic.com/mapfiles/place_api/icons/v2/generic_pinlet,J&L Precision Machine,{'open_now': True},"[{'height': 2160, 'html_attributions': ['<a href=""https://maps.google.com/maps/contrib/116455728658128287285"">A Google User</a>'], 'photo_reference': 'AWU5eFiYttStyU20qcVBmLzm_FryhIitar74mJq3fp8ck4RQhubPsVs8GIsZkNB-wZn6dppCRax1DW7DTM5B2HT1c0q-Pv8kleR1kFU8olZy-CIVKT1FD-A4dKdQJ2mYZWLqEZuFPiwJSiaZ-YiNZtIzH0xLlXrzq2iWagBfoGuTLkIbIel2', 'width': 2880}]",ChIJk9T5dTI0w4AReR106U3MWdM,"{'compound_code': '39VX+4Q Rancho Cucamonga, California', 'global_code': '856439VX+4Q'}",0.0,ChIJk9T5dTI0w4AReR106U3MWdM,GOOGLE,"['point_of_interest', 'establishment']",0,"9375 Feron Blvd c, Rancho Cucamonga"
OPERATIONAL,"{'location': {'lat': 33.8655815, 'lng': -117.815834}, 'viewport': {'northeast': {'lat': 33.86683012989272, 'lng': -117.8145011701072}, 'southwest': {'lat': 33.86413047010727, 'lng': -117.8172008298927}}}",https://maps.gstatic.com/mapfiles/place_api/icons/v1/png_71/generic_business-71.png,#7B9EB0,https://maps.gstatic.com/mapfiles/place_api/icons/v2/generic_pinlet,"Moseys Production Machinists, Inc - Anaheim Machine Shop",{'open_now': True},"[{'height': 630, 'html_attributions': ['<a href=""https://maps.google.com/maps/contrib/113492757196599537083"">Moseys Production Machinists, Inc.</a>'], 'photo_reference': 'AWU5eFjvOiXA-9rgEX5lvIZF5MMggSNHANvyNB8sJWjVAzwIXlDlvRwOCXPwqtfxhywfvggZGY7w5sTyeDYbKm_TqwBmpdPmKn8j48veH7FWxKW4jWGARE5RAyd7ETjNsn5wRz2irZ3dD9L4qCvcLOmRE_P0bFmkCHC8SDv85SYF6c948CVt', 'width': 800}]",ChIJh6HAfEfR3IAR3vcz3oAEUJw,"{'compound_code': 'V58M+6M Anaheim, California', 'global_code': '8554V58M+6M'}",4.6,ChIJh6HAfEfR3IAR3vcz3oAEUJw,GOOGLE,"['point_of_interest', 'establishment']",18,"1550 Lakeview Loop, Anaheim"
OPERATIONAL,"{'location': {'lat': 34.0950409, 'lng': -117.6045894}, 'viewport': {'northeast': {'lat': 34.09639217989272, 'lng': -117.6032801701073}, 'southwest': {'lat': 34.09369252010728, 'lng': -117.6059798298927}}}",https://maps.gstatic.com/mapfiles/place_api/icons/v1/png_71/generic_business-71.png,#7B9EB0,https://maps.gstatic.com/mapfiles/place_api/icons/v2/generic_pinlet,All-Star Precision,{'open_now': True},,ChIJ-20kGC80w4AR3q1z1YyhZG8,"{'compound_code': '39WW+25 Rancho Cucamonga, California', 'global_code': '856439WW+25'}",5.0,ChIJ-20kGC80w4AR3q1z1YyhZG8,GOOGLE,"['point_of_interest', 'establishment']",2,"8739 Lion St, Rancho Cucamonga"
OPERATIONAL,"{'location': {'lat': 33.8856238, 'lng': -117.5951982}, 'viewport': {'northeast': {'lat': 33.88683557989272, 'lng': -117.5938690701073}, 'southwest': {'lat': 33.88413592010728, 'lng': -117.5965687298927}}}",https://maps.gstatic.com/mapfiles/place_api/icons/v1/png_71/generic_business-71.png,#7B9EB0,https://maps.gstatic.com/mapfiles/place_api/icons/v2/generic_pinlet,Accurate Machine & Tool,{'open_now': True},"[{'height': 1536, 'html_attributions': ['<a href=""https://maps.google.com/maps/contrib/115605131003723772195"">Accurate Machine &amp; Tool</a>'], 'photo_reference': 'AWU5eFjy3bsQOvWIwILpE-wKyrsa9IZ-FtwBdOvb3pYV8qgLyAl3Zv6GJHUGPYBEZDcRm7_8TFn6FJlomNSPISKv657hROgv27g_0ePfK6RGmefNQBSTb6d59pUta1exZNILlzYSHUjKgzeoSkEiWBvMR56nTINkAlmJG70vy5FAZPXXKb3-', 'width': 2048}]",ChIJzZgKYVjI3IARLQx9JrOr5o0,"{'compound_code': 'VCP3+6W Corona, California', 'global_code': '8554VCP3+6W'}",5.0,ChIJzZgKYVjI3IARLQx9JrOr5o0,GOOGLE,"['point_of_interest', 'establishment']",2,"1561 Commerce St, Corona"
OPERATIONAL,"{'location': {'lat': 33.8842874, 'lng': -117.5967306}, 'viewport': {'northeast': {'lat': 33.88563227989272, 'lng': -117.5953241201073}, 'southwest': {'lat': 33.88293262010728, 'lng': -117.5980237798928}}}",https://maps.gstatic.com/mapfiles/place_api/icons/v1/png_71/generic_business-71.png,#7B9EB0,https://maps.gstatic.com/mapfiles/place_api/icons/v2/generic_pinlet,Jackman Machining,{'open_now': True},,ChIJWckaJPbI3IARdUHRCmlNC00,"{'compound_code': 'VCM3+P7 Corona, California', 'global_code': '8554VCM3+P7'}",5.0,ChIJWckaJPbI3IARdUHRCmlNC00,GOOGLE,"['point_of_interest', 'establishment']",1,"182 Business Center Dr, Corona"
OPERATIONAL,"{'location': {'lat': 34.1044664, 'lng': -117.6879421}, 'viewport': {'northeast': {'lat': 34.10581687989272, 'lng': -117.6867098201073}, 'southwest': {'lat': 34.10311722010728, 'lng': -117.6894094798927}}}",https://maps.gstatic.com/mapfiles/place_api/icons/v1/png_71/generic_business-71.png,#7B9EB0,https://maps.gstatic.com/mapfiles/place_api/icons/v2/generic_pinlet,PK Machine Inc.,{'open_now': True},"[{'height': 1530, 'html_attributions': ['<a href=""https://maps.google.com/maps/contrib/105820589612239042913"">PK Machine Inc.</a>'], 'photo_reference': 'AWU5eFiAjLKTTvS6Ol21dinjqnp3UTcgLrIQxwDxEAAUAa7Oy7k-mcm8Dz7J-rLlBviDmlpx8VD7HPXv7n0ma3uA7iVdSCdVIrsm_MLQM_kvPrzKxea6N12I5qJ410dVrv1uW6YsFLUrVWk24H8EviftGKkYRKp2pjt7o0fXbYyj4FHHFyJC', 'width': 2048}]",ChIJlcFi2woxw4AREc6tywQic0Y,"{'compound_code': '4836+QR Upland, California', 'global_code': '85644836+QR'}",5.0,ChIJlcFi2woxw4AREc6tywQic0Y,GOOGLE,"['point_of_interest', 'establishment']",4,"1935 W 11th St Unit F, Upland"
OPERATIONAL,"{'location': {'lat': 33.8519664, 'lng': -117.8563404}, 'viewport': {'northeast': {'lat': 33.85333467989273, 'lng': -117.8550646201072}, 'southwest': {'lat': 33.85063502010728, 'lng': -117.8577642798927}}}",https://maps.gstatic.com/mapfiles/place_api/icons/v1/png_71/generic_business-71.png,#7B9EB0,https://maps.gstatic.com/mapfiles/place_api/icons/v2/generic_pinlet,D & R Machine Shop,{'open_now': True},"[{'height': 2448, 'html_attributions': ['<a href=""https://maps.google.com/maps/contrib/107359514888538717507"">D &amp; R Machine Shop</a>'], 'photo_reference': 'AWU5eFg_Z4M1x_t0TPaI5FJl67Omj3t9-QAb3HqhceJ7SSONS4azYL6cumHoPEJBX7mOIGP4d3JzefotdxS2YIRXhuM8cITdNgImHiiYEL6QdQy0MHEsR5QxQsBDFSlCxxEYGKqNXsOdDRXPdKL_WY4u6ZjYZ0hpHRfe6WRJ9v5GJyVFYxmQ', 'width': 2448}]",ChIJu-qTXerW3IARItzDnI52KZA,"{'compound_code': 'V42V+QF Anaheim, California', 'global_code': '8554V42V+QF'}",0.0,ChIJu-qTXerW3IARItzDnI52KZA,GOOGLE,"['point_of_interest', 'establishment']",0,"3121 La Palma Ave # D, Anaheim"
OPERATIONAL,"{'location': {'lat': 34.06143220000001, 'lng': -117.6763243}, 'viewport': {'northeast': {'lat': 34.06278252989272, 'lng': -117.6748644701073}, 'southwest': {'lat': 34.06008287010727, 'lng': -117.6775641298928}}}",https://maps.gstatic.com/mapfiles/place_api/icons/v1/png_71/generic_business-71.png,#7B9EB0,https://maps.gstatic.com/mapfiles/place_api/icons/v2/generic_pinlet,Valdez Machine,{'open_now': True},"[{'height': 1920, 'html_attributions': ['<a href=""https://maps.google.com/maps/contrib/109742199526223703906"">Trek Kinsey</a>'], 'photo_reference': 'AWU5eFjghQAcnBC7UDd25zakUW0TwPbvvqwE5mdPWYej678pr2TKY_P0DQEW2FX5FpjwUj1xHQELlihs79_Lt0NAb5siW642VFsRSaKjFx50xc0g7yD5qwn9C_JbglsleeTxDtnLIZern-MowCnvrqhEMxMx2N1BFbak9sS7_hJv-bFw64e1', 'width': 1080}]",ChIJt66W87aw3IARm-4mom5Xnd8,"{'compound_code': '386F+HH Ontario, California', 'global_code': '8564386F+HH'}",5.0,ChIJt66W87aw3IARm-4mom5Xnd8,GOOGLE,"['point_of_interest', 'establishment']",2,"1339 Brooks St # A, Ontario"
OPERATIONAL,"{'location': {'lat': 34.0415265, 'lng': -117.6366958}, 'viewport': {'northeast': {'lat': 34.04287252989272, 'lng': -117.6352538201073}, 'southwest': {'lat': 34.04017287010728, 'lng': -117.6379534798927}}}",https://maps.gstatic.com/mapfiles/place_api/icons/v1/png_71/generic_business-71.png,#7B9EB0,https://maps.gstatic.com/mapfiles/place_api/icons/v2/generic_pinlet,Redline Machining Inc.,{'open_now': True},"[{'height': 1512, 'html_attributions': ['<a href=""https://maps.google.com/maps/contrib/105369532767948475578"">Nick B.</a>'], 'photo_reference': 'AWU5eFiVVz86R5QeIoWDhMIKCoN8xO9TZTSZoOiQVPjTIooUiW6u0VB9_BwQ7C4cZDvll3NFae-1RneLDuPzVastfnt0dkWt8iE45fS3ylcTmJhX9YsQAntmT2Umr5K5i5ljzGSg2l7AWeomk8wt3EYEAuVYd1k2sHJyujn06wL9O9DV2C0P', 'width': 2016}]",ChIJ_Ze96y00w4ARa7xW5fil3ho,"{'compound_code': '29R7+M8 Ontario, California', 'global_code': '856429R7+M8'}",5.0,ChIJ_Ze96y00w4ARa7xW5fil3ho,GOOGLE,"['point_of_interest', 'establishment']",1,"907 E Francis St, Ontario"
OPERATIONAL,"{'location': {'lat': 34.0329261, 'lng': -117.7312438}, 'viewport': {'northeast': {'lat': 34.03427817989272, 'lng': -117.7297953201073}, 'southwest': {'lat': 34.03157852010728, 'lng': -117.7324949798927}}}",https://maps.gstatic.com/mapfiles/place_api/icons/v1/png_71/generic_business-71.png,#7B9EB0,https://maps.gstatic.com/mapfiles/place_api/icons/v2/generic_pinlet,B & D Precision Micro-Welding & Machining,{'open_now': True},"[{'height': 3648, 'html_attributions': ['<a href=""https://maps.google.com/maps/contrib/106780607778838430736"">A Google User</a>'], 'photo_reference': 'AWU5eFgroxYi8_e0i-zzruwePLWVATqmhv6hUwvDYNcC9zk5NI5nQXmOAksAh_mBQP0k-hOkXBVCkzCfmnMmyYcDr2sC1kXhHVtQtG0MUCU-Zzbdp7LVHNn9lHQmmdm3merlhFssgbK-XMX2VL5GbXI7zVN41F5NjGB6c5WknvNbAqpljJlJ', 'width': 5472}]",ChIJp5W3K3wyw4ARWvTv3Pc1Txc,"{'compound_code': '27M9+5G Pomona, California', 'global_code': '856427M9+5G'}",5.0,ChIJp5W3K3wyw4ARWvTv3Pc1Txc,GOOGLE,"['point_of_interest', 'store', 'establishment']",7,"2140 S Reservoir St, Pomona"
OPERATIONAL,"{'location': {'lat': 33.8521094, 'lng': -117.8566664}, 'viewport': {'northeast': {'lat': 33.85355197989272, 'lng': -117.8552547701073}, 'southwest': {'lat': 33.85085232010728, 'lng': -117.8579544298928}}}",https://maps.gstatic.com/mapfiles/place_api/icons/v1/png_71/generic_business-71.png,#7B9EB0,https://maps.gstatic.com/mapfiles/place_api/icons/v2/generic_pinlet,Arrow Machining,{'open_now': True},"[{'height': 4000, 'html_attributions': ['<a href=""https://maps.google.com/maps/contrib/115727896490742302779"">Trevelyan Cook</a>'], 'photo_reference': 'AWU5eFjyEukKYpCi7RXYwPKKgpx1V2AGpVJ-bunIqUlSDeEx3E8eQrjBWwlEhreRPfZuUjl0CbwCJ6UyXOSHir8q2-sSy-rGU1tNBRt7HG0ELE3YPC3rnPc-xoNr_acIxgKqakGjUuaiUo-taJ_b0ldv6LwpiSWO7fTia_bsMi1GO5G4R8gB', 'width': 1800}]",ChIJu-qTXerW3IARtFDvSI8koPQ,"{'compound_code': 'V42V+R8 Anaheim, California', 'global_code': '8554V42V+R8'}",5.0,ChIJu-qTXerW3IARtFDvSI8koPQ,GOOGLE,"['point_of_interest', 'establishment']",3,"1130 N Kraemer Blvd Suite P, Anaheim"
OPERATIONAL,"{'location': {'lat': 34.095922, 'lng': -117.5693969}, 'viewport': {'northeast': {'lat': 34.09727402989272, 'lng': -117.5680203201073}, 'southwest': {'lat': 34.09457437010727, 'lng': -117.5707199798927}}}",https://maps.gstatic.com/mapfiles/place_api/icons/v1/png_71/generic_business-71.png,#7B9EB0,https://maps.gstatic.com/mapfiles/place_api/icons/v2/generic_pinlet,D1 Engineering & Machine Shop (D1EMS),{'open_now': True},,ChIJhdPXcek1w4AR7w3EvsSUlWk,"{'compound_code': '3CWJ+96 Rancho Cucamonga, California', 'global_code': '85643CWJ+96'}",5.0,ChIJhdPXcek1w4AR7w3EvsSUlWk,GOOGLE,"['point_of_interest', 'establishment']",3,"8620 Red Oak St, Rancho Cucamonga"
OPERATIONAL,"{'location': {'lat': 34.0561664, 'lng': -117.8021821}, 'viewport': {'northeast': {'lat': 34.05739297989272, 'lng': -117.8008799201073}, 'southwest': {'lat': 34.05469332010728, 'lng': -117.8035795798927}}}",https://maps.gstatic.com/mapfiles/place_api/icons/v1/png_71/generic_business-71.png,#7B9EB0,https://maps.gstatic.com/mapfiles/place_api/icons/v2/generic_pinlet,Juell Machine Co Inc,{'open_now': True},"[{'height': 4032, 'html_attributions': ['<a href=""https://maps.google.com/maps/contrib/105798395389794159951"">A Google User</a>'], 'photo_reference': 'AWU5eFj4HSr7CtBUW_fvpYHAiubFBOHzFHOijm0s8RsrSs3mFgjHPV2bTlS_akHoBLDQSs9sZeduSjTBqm0MIpIikGnVElj4R0oFX3vUy4xmrs8AELPGyPLINqckrfGKqvMItU2LdrsSEifMIdaIwmp3rQHBZLlIS-7H4pr47meZmY7czh66', 'width': 3024}]",ChIJXWlOeZ4uw4ARdV-v_ck96RM,"{'compound_code': '354X+F4 Pomona, California', 'global_code': '8564354X+F4'}",0.0,ChIJXWlOeZ4uw4ARdV-v_ck96RM,GOOGLE,"['point_of_interest', 'establishment']",0,"150 Pacific St, Pomona"
OPERATIONAL,"{'location': {'lat': 34.0382154, 'lng': -117.619288}, 'viewport': {'northeast': {'lat': 34.03956487989272, 'lng': -117.6179154701073}, 'southwest': {'lat': 34.03686522010727, 'lng': -117.6206151298927}}}",https://maps.gstatic.com/mapfiles/place_api/icons/v1/png_71/generic_business-71.png,#7B9EB0,https://maps.gstatic.com/mapfiles/place_api/icons/v2/generic_pinlet,APC Machine Inc,{'open_now': True},"[{'height': 3024, 'html_attributions': ['<a href=""https://maps.google.com/maps/contrib/116967871187648956390"">A Google User</a>'], 'photo_reference': 'AWU5eFjP3i-HlcIkRW-66jhuA1FfFZc7QCnaErWwOtSxXjn8M89EuzImVQ47eh220RUv831rJkFtLjma2hBvCSVLKVFtihACSdlkJLZnKUnpHyLBzUDRaadlhBKRTmMSZ3NRYDtG8QtidU4FXniBJdRVixHmkTmoaGZ7WElAyxhdXbkWAcO7', 'width': 4032}]",ChIJz36GyOo0w4AR4uKH3EQCbxE,"{'compound_code': '29QJ+77 Ontario, California', 'global_code': '856429QJ+77'}",5.0,ChIJz36GyOo0w4AR4uKH3EQCbxE,GOOGLE,"['point_of_interest', 'establishment']",1,"1942 S Augusta Ct # C, Ontario"
OPERATIONAL,"{'location': {'lat': 34.0301719, 'lng': -117.5270486}, 'viewport': {'northeast': {'lat': 34.03147597989272, 'lng': -117.5256706701073}, 'southwest': {'lat': 34.02877632010727, 'lng': -117.5283703298927}}}",https://maps.gstatic.com/mapfiles/place_api/icons/v1/png_71/generic_business-71.png,#7B9EB0,https://maps.gstatic.com/mapfiles/place_api/icons/v2/generic_pinlet,Brothers Machine & Tool Inc,{'open_now': True},,ChIJ-_GeO0i13IARMbLinzqHjmM,"{'compound_code': '2FHF+X5 Jurupa Valley, California', 'global_code': '85642FHF+X5'}",5.0,ChIJ-_GeO0i13IARMbLinzqHjmM,GOOGLE,"['point_of_interest', 'establishment']",1,"11098 Inland Ave, Jurupa Valley"
OPERATIONAL,"{'location': {'lat': 33.8564421, 'lng': -117.8439093}, 'viewport': {'northeast': {'lat': 33.85778507989271, 'lng': -117.8425894201073}, 'southwest': {'lat': 33.85508542010727, 'lng': -117.8452890798927}}}",https://maps.gstatic.com/mapfiles/place_api/icons/v1/png_71/generic_business-71.png,#7B9EB0,https://maps.gstatic.com/mapfiles/place_api/icons/v2/generic_pinlet,Aether Machining Inc. | Machine Shop in Anaheim,{'open_now': True},"[{'height': 1280, 'html_attributions': ['<a href=""https://maps.google.com/maps/contrib/111291954235305592262"">A Google User</a>'], 'photo_reference': 'AWU5eFgIhvC_UexNBJak30NTXYoic8cRC__rT7r5gJj2wYE9mHtE_j5rZZdpboaxKX_ytUQAQ78SBHAK7s1c0kHBxshy_IZHN4do2FAASYhnBD_mYL0jNk_R8FChAMe9y8XGET8W_nKV4T079f3PYC_RAlOu3ACHYADglVYMjjtWHejXhjW9', 'width': 1920}]",ChIJeyGn8gXX3IARFf4eq0TuV3I,"{'compound_code': 'V544+HF Anaheim, California', 'global_code': '8554V544+HF'}",4.3,ChIJeyGn8gXX3IARFf4eq0TuV3I,GOOGLE,"['point_of_interest', 'establishment']",3,"1146 N Fountain Way # B, Anaheim"
OPERATIONAL,"{'location': {'lat': 34.1017362, 'lng': -117.5452008}, 'viewport': {'northeast': {'lat': 34.10303892989272, 'lng': -117.5438621201072}, 'southwest': {'lat': 34.10033927010727, 'lng': -117.5465617798927}}}",https://maps.gstatic.com/mapfiles/place_api/icons/v1/png_71/generic_business-71.png,#7B9EB0,https://maps.gstatic.com/mapfiles/place_api/icons/v2/generic_pinlet,Elite Machining Inc.,{'open_now': True},"[{'height': 3200, 'html_attributions': ['<a href=""https://maps.google.com/maps/contrib/100290567474318231099"">keya khandehroo</a>'], 'photo_reference': 'AWU5eFjIxl0QI5GgOVgeXb-0EP0i3A96C6iG2jbKKxFIzZjfSSfsFbJUhWksTAODHD1PfoWfzXHpEARKoj7vpUQNGDXnoLMBTJkM4MDnPACuVp9yMKsUU6j8sjU2x3vZRrvnfPclYonhKJ2G1qLRL58feIw7cVedMhplqszvdXuOG0XncBJL', 'width': 4800}]",ChIJZwvvDqtLw4ARk5tJzL1bVVk,"{'compound_code': '4F23+MX Rancho Cucamonga, California', 'global_code': '85644F23+MX'}",0.0,ChIJZwvvDqtLw4ARk5tJzL1bVVk,GOOGLE,"['point_of_interest', 'establishment']",0,"8351 Rochester Ave, Rancho Cucamonga"
OPERATIONAL,"{'location': {'lat': 34.101733, 'lng': -117.782469}, 'viewport': {'northeast': {'lat': 34.10297552989272, 'lng': -117.7811621201073}, 'southwest': {'lat': 34.10027587010728, 'lng': -117.7838617798927}}}",https://maps.gstatic.com/mapfiles/place_api/icons/v1/png_71/generic_business-71.png,#7B9EB0,https://maps.gstatic.com/mapfiles/place_api/icons/v2/generic_pinlet,Precision Machine Work Inc.,{'open_now': True},,ChIJ1c4P8qovw4AR19mrlu7dm5c,"{'compound_code': '4629+M2 La Verne, California', 'global_code': '85644629+M2'}",0.0,ChIJ1c4P8qovw4AR19mrlu7dm5c,GOOGLE,"['point_of_interest', 'establishment']",0,"1455 Palomares Ave A & B, La Verne"
OPERATIONAL,"{'location': {'lat': 34.0436656, 'lng': -117.6070014}, 'viewport': {'northeast': {'lat': 34.04501542989271, 'lng': -117.6055594201073}, 'southwest': {'lat': 34.04231577010727, 'lng': -117.6082590798927}}}",https://maps.gstatic.com/mapfiles/place_api/icons/v1/png_71/generic_business-71.png,#7B9EB0,https://maps.gstatic.com/mapfiles/place_api/icons/v2/generic_pinlet,TIC Machining,{'open_now': True},"[{'height': 2448, 'html_attributions': ['<a href=""https://maps.google.com/maps/contrib/110923146581375565848"">TIC Machining</a>'], 'photo_reference': 'AWU5eFhsNGNj5RRVkLEZgxuA3ZxS2fUeAGYQazVQjyI5njbcOfgNH_xreRM-DtoFVIEh-0e3PV0xpBNCs_oBlHY7rO05uY7J6hrn-u6ErsJUScfI5Zy-WF5nf5cgTTvNPorfnq2liNKiN05p2yC_zbBJ01CdSG-J5U0yHG_ux_CWXvl1O4IB', 'width': 3264}]",ChIJN0SgFeY0w4ARvId7tsPm0n4,"{'compound_code': '29VV+F5 Ontario, California', 'global_code': '856429VV+F5'}",0.0,ChIJN0SgFeY0w4ARvId7tsPm0n4,GOOGLE,"['point_of_interest', 'establishment']",0,"1614 S Carlos Ave a, Ontario"
OPERATIONAL,"{'location': {'lat': 34.0954351, 'lng': -117.7582963}, 'viewport': {'northeast': {'lat': 34.09676157989272, 'lng': -117.7568976201073}, 'southwest': {'lat': 34.09406192010727, 'lng': -117.7595972798927}}}",https://maps.gstatic.com/mapfiles/place_api/icons/v1/png_71/generic_business-71.png,#7B9EB0,https://maps.gstatic.com/mapfiles/place_api/icons/v2/generic_pinlet,DP Machining Inc.,{'open_now': True},"[{'height': 2448, 'html_attributions': ['<a href=""https://maps.google.com/maps/contrib/108769508523323690881"">D P Machining</a>'], 'photo_reference': 'AWU5eFjEiPS1wVyBZr2MGPy78tv92jmFnmXsfyDhcClsS2StvHpFHLeUAM_OTZoeqJPiwwGDQnBQiezolWbm6fpFkO7zIUSU7rN7OeuL69sXMuqcU6dXpnJ2bGjiRq13fUs3e4kCTQycZfs6czWMheeFfFiX4ECjUJR_t0WVUMwPFwLe6Zfx', 'width': 3264}]",ChIJPyfu1Tkuw4ARxUrJTHGJOG8,"{'compound_code': '36WR+5M La Verne, California', 'global_code': '856436WR+5M'}",0.0,ChIJPyfu1Tkuw4ARxUrJTHGJOG8,GOOGLE,"['point_of_interest', 'establishment']",0,"2978 1st St b, La Verne"
OPERATIONAL,"{'location': {'lat': 34.0613706, 'lng': -117.6788999}, 'viewport': {'northeast': {'lat': 34.06285897989272, 'lng': -117.6775546701073}, 'southwest': {'lat': 34.06015932010727, 'lng': -117.6802543298927}}}",https://maps.gstatic.com/mapfiles/place_api/icons/v1/png_71/generic_business-71.png,#7B9EB0,https://maps.gstatic.com/mapfiles/place_api/icons/v2/generic_pinlet,Upland Fab,{'open_now': True},"[{'height': 1362, 'html_attributions': ['<a href=""https://maps.google.com/maps/contrib/108847000095439518596"">Upland Fab</a>'], 'photo_reference': 'AWU5eFjH0ilrnFjIjdIn6teaQBaYNISsGbJto6D8ebaShTavUjf_I7ywUcmklwMtfFoiWDByG2dnsvLUjrUjIruAp8Ck5moifvbEoABZeF4a1Oj4e_oueXHviI1L2ESYlh9j1fvN9W2fKp--pUxsGVTbh3cIwveQ-_yBHC0ctKG0vQld098G', 'width': 2048}]",ChIJlXngJLgzw4ARsxuPXwhLwVs,"{'compound_code': '386C+FC Ontario, California', 'global_code': '8564386C+FC'}",4.0,ChIJlXngJLgzw4ARsxuPXwhLwVs,GOOGLE,"['point_of_interest', 'establishment']",4,"1445 Brooks St STE L, Ontario"
OPERATIONAL,"{'location': {'lat': 34.0968641, 'lng': -117.5694271}, 'viewport': {'northeast': {'lat': 34.09826492989272, 'lng': -117.5680762201073}, 'southwest': {'lat': 34.09556527010727, 'lng': -117.5707758798928}}}",https://maps.gstatic.com/mapfiles/place_api/icons/v1/png_71/generic_business-71.png,#7B9EB0,https://maps.gstatic.com/mapfiles/place_api/icons/v2/generic_pinlet,J C Precision Machine,{'open_now': True},,ChIJIQAmDuk1w4ARuGnt_QB5y4s,"{'compound_code': '3CWJ+P6 Rancho Cucamonga, California', 'global_code': '85643CWJ+P6'}",0.0,ChIJIQAmDuk1w4ARuGnt_QB5y4s,GOOGLE,"['point_of_interest', 'establishment']",0,"8576 Red Oak St, Rancho Cucamonga"
OPERATIONAL,"{'location': {'lat': 34.1189433, 'lng': -117.8178157}, 'viewport': {'northeast': {'lat': 34.12029342989272, 'lng': -117.8165203701073}, 'southwest': {'lat': 34.11759377010728, 'lng': -117.8192200298927}}}",https://maps.gstatic.com/mapfiles/place_api/icons/v1/png_71/generic_business-71.png,#7B9EB0,https://maps.gstatic.com/mapfiles/place_api/icons/v2/generic_pinlet,Eddie V Machine,{'open_now': True},"[{'height': 700, 'html_attributions': ['<a href=""https://maps.google.com/maps/contrib/104001423811237416839"">Drew Ashby</a>'], 'photo_reference': 'AWU5eFglnHnFj-ekQo0cOLyvNjKKDjOIpirE5Kw3By8V0pJvszCDHP5LxXLiMQMc8BubG6GvpH6cVE2H8NCrzpUUK54vU9Hhwq-mg3YzvXaXamuKRDY-HkcKAs0T_LoONrdcnwmOJyi-WY8JeCBGQ-9SHULLsQiTc-SKlj3sU0qn3T-VBVVy', 'width': 1400}]",ChIJC8uHC5ovw4AR7NNRIIyF4go,"{'compound_code': '459J+HV San Dimas, California', 'global_code': '8564459J+HV'}",0.0,ChIJC8uHC5ovw4AR7NNRIIyF4go,GOOGLE,"['point_of_interest', 'establishment']",0,"545 W Allen Ave Unit 3, San Dimas"
OPERATIONAL,"{'location': {'lat': 33.895902, 'lng': -117.5672357}, 'viewport': {'northeast': {'lat': 33.89718172989271, 'lng': -117.5657312201073}, 'southwest': {'lat': 33.89448207010727, 'lng': -117.5684308798928}}}",https://maps.gstatic.com/mapfiles/place_api/icons/v1/png_71/generic_business-71.png,#7B9EB0,https://maps.gstatic.com/mapfiles/place_api/icons/v2/generic_pinlet,Sr Machining Inc,{'open_now': True},"[{'height': 2448, 'html_attributions': ['<a href=""https://maps.google.com/maps/contrib/103684094845997723122"">Sr Machining Inc</a>'], 'photo_reference': 'AWU5eFg8a09lE9n93Z2tvOX7lQCfJaWTLmvbzL1hEmovMlW0E_mQFk427SbuKUqE4qOq1bVCD8EWBA_03Xmyh5HXB5sKHPOBEp7JKYV-22_VDfZFSd7on9Aeg7ceOisuU3oh-i-NkWtGIhkaXDCt5z71unW61ods3C97zH_N6UTwtTvG8IQr', 'width': 3264}]",ChIJH5l4YFvI3IARJqRbjAhR80k,"{'compound_code': 'VCWM+94 Norco, California', 'global_code': '8554VCWM+94'}",3.3,ChIJH5l4YFvI3IARJqRbjAhR80k,GOOGLE,"['point_of_interest', 'establishment']",3,"640 Parkridge Ave, Norco"
OPERATIONAL,"{'location': {'lat': 34.0359984, 'lng': -117.6002994}, 'viewport': {'northeast': {'lat': 34.03738932989273, 'lng': -117.5989470201073}, 'southwest': {'lat': 34.03468967010728, 'lng': -117.6016466798927}}}",https://maps.gstatic.com/mapfiles/place_api/icons/v1/png_71/generic_business-71.png,#7B9EB0,https://maps.gstatic.com/mapfiles/place_api/icons/v2/generic_pinlet,Salomon Machine Shop,{'open_now': True},,ChIJZ4uDrN40w4ARQg5weOAHIYI,"{'compound_code': '29PX+CV Ontario, California', 'global_code': '856429PX+CV'}",5.0,ChIJZ4uDrN40w4ARQg5weOAHIYI,GOOGLE,"['point_of_interest', 'establishment']",1,"2081 S Hellman Ave # G, Ontario"
OPERATIONAL,"{'location': {'lat': 34.03966090000001, 'lng': -117.6375725}, 'viewport': {'northeast': {'lat': 34.04104332989272, 'lng': -117.6359152201073}, 'southwest': {'lat': 34.03834367010727, 'lng': -117.6386148798927}}}",https://maps.gstatic.com/mapfiles/place_api/icons/v1/png_71/generic_business-71.png,#7B9EB0,https://maps.gstatic.com/mapfiles/place_api/icons/v2/generic_pinlet,CAL Precision Inc,{'open_now': True},"[{'height': 2136, 'html_attributions': ['<a href=""https://maps.google.com/maps/contrib/101374455753438113034"">A Google User</a>'], 'photo_reference': 'AWU5eFgOWetV0dktmzDsXKSNZIMUzyECUME1Fr4Gg7hYCeMXUpKXBBDR4SvO0_M2AwIbosyR_SpN12QFuUj2TyQHEvsmTMW2bpm1t7WfiqFTiXVF4_PQmNk64GuLLK0DdDr7yR8z_QAkXKS7UPhYsd005vHpyEG1tUlvi3BaMmI7lJa8yzmn', 'width': 3216}]",ChIJwVVFt_fI3IARKdlacHWMj2U,"{'compound_code': '29Q6+RX Ontario, California', 'global_code': '856429Q6+RX'}",5.0,ChIJwVVFt_fI3IARKdlacHWMj2U,GOOGLE,"['point_of_interest', 'establishment']",1,"1856 S Bon View Ave, Ontario"
OPERATIONAL,"{'location': {'lat': 33.9169848, 'lng': -117.8593068}, 'viewport': {'northeast': {'lat': 33.91833457989272, 'lng': -117.8579881201073}, 'southwest': {'lat': 33.91563492010728, 'lng': -117.8606877798928}}}",https://maps.gstatic.com/mapfiles/place_api/icons/v1/png_71/generic_business-71.png,#7B9EB0,https://maps.gstatic.com/mapfiles/place_api/icons/v2/generic_pinlet,JAH Machine,{'open_now': True},,ChIJzdGkGgPV3IARxXwtVcXH0S8,"{'compound_code': 'W48R+Q9 Brea, California', 'global_code': '8554W48R+Q9'}",5.0,ChIJzdGkGgPV3IARxXwtVcXH0S8,GOOGLE,"['point_of_interest', 'establishment']",2,"280 Ranger St, Brea"
OPERATIONAL,"{'location': {'lat': 33.856394, 'lng': -117.844338}, 'viewport': {'northeast': {'lat': 33.85777722989272, 'lng': -117.8428437201073}, 'southwest': {'lat': 33.85507757010728, 'lng': -117.8455433798927}}}",https://maps.gstatic.com/mapfiles/place_api/icons/v1/png_71/generic_business-71.png,#7B9EB0,https://maps.gstatic.com/mapfiles/place_api/icons/v2/generic_pinlet,J J Machining LLC,{'open_now': True},"[{'height': 673, 'html_attributions': ['<a href=""https://maps.google.com/maps/contrib/112884923036635649924"">A Google User</a>'], 'photo_reference': 'AWU5eFhxNa6k6Rp-IxhgL0UrrIJb-b9Pb1BCaffk_XotAjgnqXTcmWMv0TCGuh68QeTC18vFFEHaYcLzAyiFry1xfsnGGISBwRaNJWqqycbYcGpWId-gW-tanohD8cSQIxfOobaf3kx-_fIEerDINOyrDGJwkfj0cDCOn91qz-xeUw8MBhEf', 'width': 1011}]",ChIJVVVVVXjW3IARu3lV4R6mlsA,"{'compound_code': 'V544+H7 Anaheim, California', 'global_code': '8554V544+H7'}",5.0,ChIJVVVVVXjW3IARu3lV4R6mlsA,GOOGLE,"['point_of_interest', 'establishment']",2,"1153 N Fountain Way, Anaheim"
OPERATIONAL,"{'location': {'lat': 34.0361584, 'lng': -117.6008489}, 'viewport': {'northeast': {'lat': 34.03750112989272, 'lng': -117.5994991701073}, 'southwest': {'lat': 34.03480147010728, 'lng': -117.6021988298927}}}",https://maps.gstatic.com/mapfiles/place_api/icons/v1/png_71/generic_business-71.png,#7B9EB0,https://maps.gstatic.com/mapfiles/place_api/icons/v2/generic_pinlet,Sc Machining Inc.,{'open_now': True},"[{'height': 2841, 'html_attributions': ['<a href=""https://maps.google.com/maps/contrib/107528607581113411167"">S C Machining</a>'], 'photo_reference': 'AWU5eFhPQSksN1WewQIuDdZhcTD8fVwZl5vWwD0D-Asa-LsfNr5Ae_6CX-KSCGy_3-p9FYHK4UvgbFj9rBn-5e16YddY-QhbNIc7eZS4HNhmhxKpj-IsV0fY17lEDFR7YXc0XUdlRTPPD142GDtnb_wCysjsgHz8jp_7sXR96VuLKTiU3ECM', 'width': 2852}]",ChIJhTrhpd40w4ARBs3HsJb32RI,"{'compound_code': '29PX+FM Ontario, California', 'global_code': '856429PX+FM'}",5.0,ChIJhTrhpd40w4ARBs3HsJb32RI,GOOGLE,"['point_of_interest', 'establishment']",1,"2049 S Hellman Ave ste s, Ontario"
OPERATIONAL,"{'location': {'lat': 33.8555358, 'lng': -117.8457824}, 'viewport': {'northeast': {'lat': 33.85686987989273, 'lng': -117.8444263201073}, 'southwest': {'lat': 33.85417022010729, 'lng': -117.8471259798927}}}",https://maps.gstatic.com/mapfiles/place_api/icons/v1/png_71/generic_business-71.png,#7B9EB0,https://maps.gstatic.com/mapfiles/place_api/icons/v2/generic_pinlet,PDL MACHINE INC.,{'open_now': True},"[{'height': 1440, 'html_attributions': ['<a href=""https://maps.google.com/maps/contrib/115432912203618547099"">plumbing right and wrong</a>'], 'photo_reference': 'AWU5eFim1Y2m06bny4cISMhdqJG103MqzPF3xtbpj_NrsZ48VvZHrdcBWkGMJI1czXjC5Gu7gDbXzCFHQOh8PX7hQQKI-HOrcjcXA-F78PbZUCe0HFAJdEJuhgWlf7ejPdAx1Ryez6tNAW5WSFiGWtrIqeDCtVuJS5Qypm0QJBoJVeOyQeAO', 'width': 2560}]",ChIJ391nVcbW3IAR85csBnMy1GQ,"{'compound_code': 'V543+5M Anaheim, California', 'global_code': '8554V543+5M'}",5.0,ChIJ391nVcbW3IAR85csBnMy1GQ,GOOGLE,"['point_of_interest', 'establishment']",2,"1141 N Cosby Way unit k, Anaheim"
OPERATIONAL,"{'location': {'lat': 33.8838887, 'lng': -117.5883416}, 'viewport': {'northeast': {'lat': 33.88522917989273, 'lng': -117.5868636701073}, 'southwest': {'lat': 33.88252952010729, 'lng': -117.5895633298927}}}",https://maps.gstatic.com/mapfiles/place_api/icons/v1/png_71/generic_business-71.png,#7B9EB0,https://maps.gstatic.com/mapfiles/place_api/icons/v2/generic_pinlet,California Precision Machining,{'open_now': True},,ChIJPdXZrIrJ3IAR_-0MRjV2QxM,"{'compound_code': 'VCM6+HM Corona, California', 'global_code': '8554VCM6+HM'}",0.0,ChIJPdXZrIrJ3IAR_-0MRjV2QxM,GOOGLE,"['point_of_interest', 'establishment']",0,"130 N Sherman Ave Suite B, Corona"
OPERATIONAL,"{'location': {'lat': 33.8547166, 'lng': -117.8940534}, 'viewport': {'northeast': {'lat': 33.85601602989272, 'lng': -117.8927017701072}, 'southwest': {'lat': 33.85331637010728, 'lng': -117.8954014298927}}}",https://maps.gstatic.com/mapfiles/place_api/icons/v1/png_71/generic_business-71.png,#7B9EB0,https://maps.gstatic.com/mapfiles/place_api/icons/v2/generic_pinlet,"Dan's Machine Tool, INC.",{'open_now': True},"[{'height': 3872, 'html_attributions': ['<a href=""https://maps.google.com/maps/contrib/108905155057799829347"">dave kushner</a>'], 'photo_reference': 'AWU5eFhCPzy-o2-KA6t9769IkPENuAX-WyBZ1Hn75GwXIlXahz4FigAstbrG39PTcTIqcEfUiDJsNOuQWWq_1ZBXdkWmOXke9sc8QzGZq13lAYU5b9EXfYOC3rW-U01GS1k-PGq5UjsGS3dayniQ1dL2vKkvggIOGuCBDgr8xGQSmhNhLLUH', 'width': 2592}]",ChIJbbBHs4Es3YAR5tj4aOXL300,"{'compound_code': 'V434+V9 Anaheim, California', 'global_code': '8554V434+V9'}",3.4,ChIJbbBHs4Es3YAR5tj4aOXL300,GOOGLE,"['point_of_interest', 'establishment']",5,"1405 N Baxter St, Anaheim"
OPERATIONAL,"{'location': {'lat': 33.920256, 'lng': -117.9095975}, 'viewport': {'northeast': {'lat': 33.92162422989273, 'lng': -117.9083942201073}, 'southwest': {'lat': 33.91892457010729, 'lng': -117.9110938798927}}}",https://maps.gstatic.com/mapfiles/place_api/icons/v1/png_71/generic_business-71.png,#7B9EB0,https://maps.gstatic.com/mapfiles/place_api/icons/v2/generic_pinlet,Bedard Machine,{'open_now': True},,ChIJuW9Qw27V3IAR_vywAhc19N8,"{'compound_code': 'W3CR+45 Brea, California', 'global_code': '8554W3CR+45'}",4.2,ChIJuW9Qw27V3IAR_vywAhc19N8,GOOGLE,"['point_of_interest', 'establishment']",5,"141 Viking Ave, Brea"
OPERATIONAL,"{'location': {'lat': 34.1022417, 'lng': -117.8171044}, 'viewport': {'northeast': {'lat': 34.10359187989272, 'lng': -117.8157423201073}, 'southwest': {'lat': 34.10089222010728, 'lng': -117.8184419798928}}}",https://maps.gstatic.com/mapfiles/place_api/icons/v1/png_71/generic_business-71.png,#7B9EB0,https://maps.gstatic.com/mapfiles/place_api/icons/v2/generic_pinlet,Golden Eagle Manufacturing,{'open_now': True},"[{'height': 1101, 'html_attributions': ['<a href=""https://maps.google.com/maps/contrib/105507259813037964512"">Michael Morrison</a>'], 'photo_reference': 'AWU5eFhJyKnomCdCBoTWW4JPM2T9cndqlJ3VuQmh4M-tOrXFZel48tQJJtZNjXzFmzSwXrahy4Zg8D6UnywLJqru8p9TdMR-NISO3YHvAX6p15zTcX1T-qXMYRQn3MreuJWpavXxQ8bPYJk08rUBXB7VykGH7ofwi01rbos1NejkuKDPpTP1', 'width': 2350}]",ChIJn2ChxDovw4ARxvFd2GY6zqI,"{'compound_code': '452M+V4 San Dimas, California', 'global_code': '8564452M+V4'}",4.6,ChIJn2ChxDovw4ARxvFd2GY6zqI,GOOGLE,"['car_repair', 'point_of_interest', 'store', 'establishment']",10,"414 Borrego Ct, San Dimas"
OPERATIONAL,"{'location': {'lat': 33.8640003, 'lng': -117.8302371}, 'viewport': {'northeast': {'lat': 33.86533857989272, 'lng': -117.8288871201073}, 'southwest': {'lat': 33.86263892010728, 'lng': -117.8315867798928}}}",https://maps.gstatic.com/mapfiles/place_api/icons/v1/png_71/generic_business-71.png,#7B9EB0,https://maps.gstatic.com/mapfiles/place_api/icons/v2/generic_pinlet,EG Machine Corp.,{'open_now': True},"[{'height': 1454, 'html_attributions': ['<a href=""https://maps.google.com/maps/contrib/114175122298175839076"">A Google User</a>'], 'photo_reference': 'AWU5eFhmvIZImt7Y6x1RviRjYv_0u7x8OHVQZLRTds_5oGodkNIc3B5naO0XjelMbSUVR_E_q0G_XoczIaUQnWOapi-beqTxUQcxwzMeOeAy8X1rqWhPL2-9luxH6s-RQFR21JJ8u17KjJjegW8F1E5VWTkVYhKUIFF7ISMBvzXsxTAdmpg', 'width': 2045}]",ChIJ947jxErR3IARpv3EG47UH4U,"{'compound_code': 'V579+FW Placentia, California', 'global_code': '8554V579+FW'}",0.0,ChIJ947jxErR3IARpv3EG47UH4U,GOOGLE,"['point_of_interest', 'establishment']",0,"1624 Sierra Madre Cir, Placentia"
OPERATIONAL,"{'location': {'lat': 33.8585885, 'lng': -117.5430807}, 'viewport': {'northeast': {'lat': 33.86038992989272, 'lng': -117.5416747701073}, 'southwest': {'lat': 33.85769027010728, 'lng': -117.5443744298927}}}",https://maps.gstatic.com/mapfiles/place_api/icons/v1/png_71/generic_business-71.png,#7B9EB0,https://maps.gstatic.com/mapfiles/place_api/icons/v2/generic_pinlet,Action Industries,{'open_now': True},,ChIJ7U60SA-43IARpMpzBOO7Utk,"{'compound_code': 'VF54+CQ Corona, California', 'global_code': '8554VF54+CQ'}",4.6,ChIJ7U60SA-43IARpMpzBOO7Utk,GOOGLE,"['point_of_interest', 'establishment']",9,"1120 Olympic Dr, Corona"
OPERATIONAL,"{'location': {'lat': 33.8613472, 'lng': -117.5417446}, 'viewport': {'northeast': {'lat': 33.86281532989272, 'lng': -117.5403439201073}, 'southwest': {'lat': 33.86011567010728, 'lng': -117.5430435798927}}}",https://maps.gstatic.com/mapfiles/place_api/icons/v1/png_71/generic_business-71.png,#7B9EB0,https://maps.gstatic.com/mapfiles/place_api/icons/v2/generic_pinlet,Hoosier Precision Machining,{'open_now': True},"[{'height': 1000, 'html_attributions': ['<a href=""https://maps.google.com/maps/contrib/104093893557285787322"">A Google User</a>'], 'photo_reference': 'AWU5eFi4gymL7VOm9JhdWIq0HcKEIXPJtdholvFx6H-inQfTKAYmUFMqKY5vY35tsH2pSNUNi01Op9DakvQMWoPImKFIeH9DwjBnyFdllyc2l01iFgOXDwvVgSOsDl9kbJMgZHZkhNUsrxxxkoZr5iYPYHt1l3H_oB99fUZcLFf5P7DXlFUG', 'width': 1465}]",ChIJJyDSlwW43IAR3B8ezMLNQMk,"{'compound_code': 'VF65+F7 Corona, California', 'global_code': '8554VF65+F7'}",1.8,ChIJJyDSlwW43IAR3B8ezMLNQMk,GOOGLE,"['point_of_interest', 'establishment']",8,"1152 California Ave, Corona"
OPERATIONAL,"{'location': {'lat': 34.035658, 'lng': -117.6294799}, 'viewport': {'northeast': {'lat': 34.03699807989273, 'lng': -117.6281299701073}, 'southwest': {'lat': 34.03429842010728, 'lng': -117.6308296298928}}}",https://maps.gstatic.com/mapfiles/place_api/icons/v1/png_71/generic_business-71.png,#7B9EB0,https://maps.gstatic.com/mapfiles/place_api/icons/v2/generic_pinlet,Paco's Machine Shop,{'open_now': True},"[{'height': 774, 'html_attributions': ['<a href=""https://maps.google.com/maps/contrib/112291999955901377740"">A Google User</a>'], 'photo_reference': 'AWU5eFjkGuqofoc-_1I1LBxyETXdnMYPreLJsRDHXhnCXP3AqZ-Vsn7skMl6379OlwrzuHtKXgJrozlPbeStklwPoNnvclP0LhPz9hVAWRl6tKieGO1pSaqLmo30RZG6_haQkSCRivOC-eaP7lw5gRtkP4rwr_asP1DkaYBlVK4oP-VSwk2G', 'width': 1376}]",ChIJHZwLBeo1w4ARASfhh144mf4,"{'compound_code': '29PC+76 Ontario, California', 'global_code': '856429PC+76'}",0.0,ChIJHZwLBeo1w4ARASfhh144mf4,GOOGLE,"['point_of_interest', 'establishment']",0,"2124 S Grove Ave Suite #E, Ontario"
OPERATIONAL,"{'location': {'lat': 33.861359, 'lng': -117.8289906}, 'viewport': {'northeast': {'lat': 33.86258722989272, 'lng': -117.8276394201073}, 'southwest': {'lat': 33.85988757010728, 'lng': -117.8303390798927}}}",https://maps.gstatic.com/mapfiles/place_api/icons/v1/png_71/generic_business-71.png,#7B9EB0,https://maps.gstatic.com/mapfiles/place_api/icons/v2/generic_pinlet,Kempton Machine Works,{'open_now': True},"[{'height': 3024, 'html_attributions': ['<a href=""https://maps.google.com/maps/contrib/103971621417778563393"">J d</a>'], 'photo_reference': 'AWU5eFjyHAIG0shMkKFkVbdCjAiqiqg1FcyRq2KqGX67I989PlXio_ecJ4k2qNu7E22XVgy3ga1XzFhjJbpszUSFIso0oRvZeQviRGMJLm3Y6x0mYz3lB6_f3zEbRxRENT7JzYDO3nM50iC8ZVIihvPJMnpJMLGbgQSHxPJYYKP7vDl5G7l4', 'width': 4032}]",ChIJ3_S8BkjR3IAREAUQ60wQvuY,"{'compound_code': 'V56C+GC Anaheim, California', 'global_code': '8554V56C+GC'}",5.0,ChIJ3_S8BkjR3IAREAUQ60wQvuY,GOOGLE,"['point_of_interest', 'establishment']",1,"4070 E Leaverton Ct, Anaheim"
OPERATIONAL,"{'location': {'lat': 33.8836839, 'lng': -117.6098159}, 'viewport': {'northeast': {'lat': 33.88499952989272, 'lng': -117.6084210201073}, 'southwest': {'lat': 33.88229987010727, 'lng': -117.6111206798927}}}",https://maps.gstatic.com/mapfiles/place_api/icons/v1/png_71/generic_business-71.png,#7B9EB0,https://maps.gstatic.com/mapfiles/place_api/icons/v2/generic_pinlet,"Premier Gear & Machining, Inc.",{'open_now': True},,ChIJHVL4OvHI3IARzB45i9foNys,"{'compound_code': 'V9MR+C3 Corona, California', 'global_code': '8554V9MR+C3'}",0.0,ChIJHVL4OvHI3IARzB45i9foNys,GOOGLE,"['point_of_interest', 'establishment']",0,"2360 Pomona Rd, Corona"
OPERATIONAL,"{'location': {'lat': 33.8763655, 'lng': -117.7385952}, 'viewport': {'northeast': {'lat': 33.87767752989271, 'lng': -117.7372583201073}, 'southwest': {'lat': 33.87497787010727, 'lng': -117.7399579798927}}}",https://maps.gstatic.com/mapfiles/place_api/icons/v1/png_71/generic_business-71.png,#7B9EB0,https://maps.gstatic.com/mapfiles/place_api/icons/v2/generic_pinlet,Ramsey Machine Services,{'open_now': True},,ChIJh4afYdjR3IARpmFR3o-Ad0k,"{'compound_code': 'V7G6+HH Yorba Linda, California', 'global_code': '8554V7G6+HH'}",0.0,ChIJh4afYdjR3IARpmFR3o-Ad0k,GOOGLE,"['point_of_interest', 'establishment']",0,"22765 Savi Ranch Pkwy, Yorba Linda"
OPERATIONAL,"{'location': {'lat': 34.0895425, 'lng': -117.4865829}, 'viewport': {'northeast': {'lat': 34.09089257989272, 'lng': -117.4852735701073}, 'southwest': {'lat': 34.08819292010728, 'lng': -117.4879732298927}}}",https://maps.gstatic.com/mapfiles/place_api/icons/v1/png_71/generic_business-71.png,#7B9EB0,https://maps.gstatic.com/mapfiles/place_api/icons/v2/generic_pinlet,Santa Fe Machine Works,{'open_now': True},"[{'height': 755, 'html_attributions': ['<a href=""https://maps.google.com/maps/contrib/116962778992800283424"">A Google User</a>'], 'photo_reference': 'AWU5eFjgx4vm2ZrIKJW-0cPZlIZUwpOjZgIjeuSFQJfQBg5NShhZzFZkMUmInYKd4-NpjDfRI1N9XkqBCGXWKnzkBt-qOs2YUTPBAMqLJvV1HNzaXc6O7EtJz1sTpTjNcjj1TcKtck40UqQXoCKeMk3JbK-wJxE06Pa3YDrn0WniHaqv4wbQ', 'width': 1887}]",ChIJuZyH3wlLw4ARYOT1dGY1CJA,"{'compound_code': '3GQ7+R9 Fontana, California', 'global_code': '85643GQ7+R9'}",0.0,ChIJuZyH3wlLw4ARYOT1dGY1CJA,GOOGLE,"['point_of_interest', 'establishment']",0,"14578 Rancho Vista Dr #4277, Fontana"
OPERATIONAL,"{'location': {'lat': 33.8649031, 'lng': -117.8894883}, 'viewport': {'northeast': {'lat': 33.86628252989271, 'lng': -117.8881381201073}, 'southwest': {'lat': 33.86358287010727, 'lng': -117.8908377798927}}}",https://maps.gstatic.com/mapfiles/place_api/icons/v1/png_71/generic_business-71.png,#7B9EB0,https://maps.gstatic.com/mapfiles/place_api/icons/v2/generic_pinlet,Mason Machine & Tool,{'open_now': True},"[{'height': 3456, 'html_attributions': ['<a href=""https://maps.google.com/maps/contrib/100795977523303709844"">A Google User</a>'], 'photo_reference': 'AWU5eFicatfS50SFZW_YQGgpn-QxgOHNVS1DsC4VB82V7sVynobIzROFYF1NGioqH9QbrZPGHWQi5F1GojoGnM_ufxmhU8YFV3-LPhbwEyvUkHuFFwX4BkdcBRlY9LfBmqzS9zRewFKVemu_Nh3BdCuZ5ENu1tOOikMo2cf2E-BQm7g0g5pp', 'width': 4608}]",ChIJD7DMK3jW3IARAs_eNx3XwzI,"{'compound_code': 'V476+X6 Fullerton, California', 'global_code': '8554V476+X6'}",0.0,ChIJD7DMK3jW3IARAs_eNx3XwzI,GOOGLE,"['point_of_interest', 'establishment']",0,"651 S State College Blvd, Fullerton"
OPERATIONAL,"{'location': {'lat': 34.0655996, 'lng': -117.5479924}, 'viewport': {'northeast': {'lat': 34.06680707989272, 'lng': -117.5466463201073}, 'southwest': {'lat': 34.06410742010727, 'lng': -117.5493459798927}}}",https://maps.gstatic.com/mapfiles/place_api/icons/v1/png_71/generic_business-71.png,#7B9EB0,https://maps.gstatic.com/mapfiles/place_api/icons/v2/generic_pinlet,Marlee Manufacturing,{'open_now': True},"[{'height': 2640, 'html_attributions': ['<a href=""https://maps.google.com/maps/contrib/112415120453112177034"">A Google User</a>'], 'photo_reference': 'AWU5eFjmTFBiLOuQ4QZJxo3bMimD_feJYFO5XYQFfj1WJycPpzr3_VJg_iBqcApYqd_ywcalwfBD3Yp4T6HkDR0d9RMmlcrCDcxVVsUAK7FpvaKiAHOIsgbvO07qLd6BJCvTAvF2oYYfBjBvbXdR6eFaIN9CI98yXWfkYjaRptwHswUF_CCF', 'width': 1980}]",ChIJH-kFPag1w4AR_ZOvR_9oAhw,"{'compound_code': '3F82+7R Ontario, California', 'global_code': '85643F82+7R'}",3.0,ChIJH-kFPag1w4AR_ZOvR_9oAhw,GOOGLE,"['point_of_interest', 'establishment']",7,"4711 E Guasti Rd, Ontario"
OPERATIONAL,"{'location': {'lat': 34.0956907, 'lng': -117.7797583}, 'viewport': {'northeast': {'lat': 34.09701272989273, 'lng': -117.7784249201072}, 'southwest': {'lat': 34.09431307010728, 'lng': -117.7811245798927}}}",https://maps.gstatic.com/mapfiles/place_api/icons/v1/png_71/generic_business-71.png,#7B9EB0,https://maps.gstatic.com/mapfiles/place_api/icons/v2/generic_pinlet,Beonca Machine Co,{'open_now': True},,ChIJqR_sGFQuw4AR885DSHdDyuQ,"{'compound_code': '36WC+74 La Verne, California', 'global_code': '856436WC+74'}",5.0,ChIJqR_sGFQuw4AR885DSHdDyuQ,GOOGLE,"['point_of_interest', 'establishment']",2,"1680 Curtiss Ct, La Verne"
OPERATIONAL,"{'location': {'lat': 34.0085847, 'lng': -117.6938079}, 'viewport': {'northeast': {'lat': 34.01000357989273, 'lng': -117.6924603201073}, 'southwest': {'lat': 34.00730392010728, 'lng': -117.6951599798927}}}",https://maps.gstatic.com/mapfiles/place_api/icons/v1/png_71/generic_business-71.png,#7B9EB0,https://maps.gstatic.com/mapfiles/place_api/icons/v2/generic_pinlet,NIM Novoa Industrial Machine,{'open_now': True},"[{'height': 3456, 'html_attributions': ['<a href=""https://maps.google.com/maps/contrib/117643422424484051431"">Maria Novoa</a>'], 'photo_reference': 'AWU5eFhX19WD5pKSu1yTzxTkSPIHSq4d5PMM325AHOKN-1YndVQ6bwcdUjMRpsCYZ48pqi9D9LW5XIV80e3_DNoUXUscrNnIRqPzVJLay_mwbVRxs_jZ8rmocXzTxLhmrTKoqmzW4bEhiZu00uY88m7PZkQdgbT7BEeDMfaY6s6WM16fOjW1', 'width': 4608}]",ChIJn-Y3Ptgyw4ARapazsi_ggso,"{'compound_code': '2854+CF Chino, California', 'global_code': '85642854+CF'}",5.0,ChIJn-Y3Ptgyw4ARapazsi_ggso,GOOGLE,"['point_of_interest', 'establishment']",1,"13472 5th St #2, Chino"
OPERATIONAL,"{'location': {'lat': 34.0617719, 'lng': -117.6759199}, 'viewport': {'northeast': {'lat': 34.06307612989272, 'lng': -117.6745683201073}, 'southwest': {'lat': 34.06037647010728, 'lng': -117.6772679798927}}}",https://maps.gstatic.com/mapfiles/place_api/icons/v1/png_71/generic_business-71.png,#7B9EB0,https://maps.gstatic.com/mapfiles/place_api/icons/v2/generic_pinlet,BD Customs,{'open_now': True},"[{'height': 3024, 'html_attributions': ['<a href=""https://maps.google.com/maps/contrib/109605195775301917168"">A Google User</a>'], 'photo_reference': 'AWU5eFgyZZCutPK0KWfKDpe_Q54NkNcCmjXKTlGzHrQc2b-bLVxVeIAukSMA1_X4ZSEcaqqtGkHTCrdYulizuM4u1bmiCaFQxMbMWQA4El9Cn36nYvXNcN7U57fGCJMt27EWDuvxodJHw38SZlbG_iwi95bzOHSih6x0mhRHAyvk8YUPU4gS', 'width': 4032}]",ChIJP15Eq7kzw4ARbF0R4Nh1uf8,"{'compound_code': '386F+JJ Ontario, California', 'global_code': '8564386F+JJ'}",5.0,ChIJP15Eq7kzw4ARbF0R4Nh1uf8,GOOGLE,"['point_of_interest', 'establishment']",10,"1339 Brooks St Suite C, Ontario"
OPERATIONAL,"{'location': {'lat': 34.0611763, 'lng': -117.7014694}, 'viewport': {'northeast': {'lat': 34.06256982989272, 'lng': -117.7001198701073}, 'southwest': {'lat': 34.05987017010728, 'lng': -117.7028195298927}}}",https://maps.gstatic.com/mapfiles/place_api/icons/v1/png_71/generic_business-71.png,#7B9EB0,https://maps.gstatic.com/mapfiles/place_api/icons/v2/generic_pinlet,AMS Antonio's Machine Shop,{'open_now': True},"[{'height': 912, 'html_attributions': ['<a href=""https://maps.google.com/maps/contrib/100420864629687206833"">Antonio&#39;s Machine Shop</a>'], 'photo_reference': 'AWU5eFjuhYFDZqxLwimN1x22JxXR1Bbg2oQiUpEm8CkvRlAPsjCbv3WqSkh2RWKhmWV7-doJsZZ5hwZPlIYotOovCWysXAzRTRGXqlkNSM5DC64S98nhaoq-8PTLiSwmcHwy6nNbbcp8wq6_Af87XsDyaUlAttgTmZcEFFXypsgA5g48Rb2W', 'width': 1600}]",ChIJH42HaDcyw4ARbYTqMD4HB6U,"{'compound_code': '376X+FC Montclair, California', 'global_code': '8564376X+FC'}",4.7,ChIJH42HaDcyw4ARbYTqMD4HB6U,GOOGLE,"['point_of_interest', 'establishment']",3,"4743 Brooks St unit e, Montclair"
OPERATIONAL,"{'location': {'lat': 34.0595062, 'lng': -117.5502267}, 'viewport': {'northeast': {'lat': 34.06096677989272, 'lng': -117.5488753201073}, 'southwest': {'lat': 34.05826712010728, 'lng': -117.5515749798927}}}",https://maps.gstatic.com/mapfiles/place_api/icons/v1/png_71/generic_business-71.png,#7B9EB0,https://maps.gstatic.com/mapfiles/place_api/icons/v2/generic_pinlet,Selway Machine Tool Co Inc,{'open_now': True},"[{'height': 451, 'html_attributions': ['<a href=""https://maps.google.com/maps/contrib/113155948842014865966"">A Google User</a>'], 'photo_reference': 'AWU5eFg0aeE6Nm6SZkGPCxaTpNmzP3iV97e3iVBRbingmMTx40TrbI5gHAB9KLnTuniqP25dLJW5ImQr0q0CWowWL3QCH9XZPk3-9kjoP9YUmJH-MrJcmAthEvE0xN19kHbLLGK7ee4KHqSad7mxJU77D92WeWVXBUjh3U_bfv7rNE9yktvI', 'width': 486}]",ChIJQ5I4EX0s3YARgZoejyFlXU4,"{'compound_code': '3C5X+RW Ontario, California', 'global_code': '85643C5X+RW'}",1.0,ChIJQ5I4EX0s3YARgZoejyFlXU4,GOOGLE,"['point_of_interest', 'establishment']",1,"4582 Brickell Privado, Ontario"
OPERATIONAL,"{'location': {'lat': 34.0355993, 'lng': -117.6008366}, 'viewport': {'northeast': {'lat': 34.03699877989272, 'lng': -117.5994862201073}, 'southwest': {'lat': 34.03429912010728, 'lng': -117.6021858798927}}}",https://maps.gstatic.com/mapfiles/place_api/icons/v1/png_71/generic_business-71.png,#7B9EB0,https://maps.gstatic.com/mapfiles/place_api/icons/v2/generic_pinlet,Sal's Machine,{'open_now': True},"[{'height': 2988, 'html_attributions': ['<a href=""https://maps.google.com/maps/contrib/114628538724235419319"">A Google User</a>'], 'photo_reference': 'AWU5eFjGTX7KBaMGkwhPFy_Li0lqnkfmSHss4q_Hjm-WTCX8wWlau6gfTcTkSmgNy2CFPv903iOek_poPIJ7PWYRKW-b7CeeX4MeZZblYfh7DfEf73O6H8lNe7lq8c9YMJ33bU_9IAAqRSVpx9SFs1PSqmP6TtZgybirI_rL2P7M33LvpAcO', 'width': 5312}]",ChIJQWs2Udk0w4ARvDqyp6BWc9o,"{'compound_code': '29PX+6M Ontario, California', 'global_code': '856429PX+6M'}",0.0,ChIJQWs2Udk0w4ARvDqyp6BWc9o,GOOGLE,"['point_of_interest', 'establishment']",0,"2115 S Hellman Ave, Ontario"
OPERATIONAL,"{'location': {'lat': 34.0578607, 'lng': -117.6936016}, 'viewport': {'northeast': {'lat': 34.05920937989272, 'lng': -117.6923741701073}, 'southwest': {'lat': 34.05650972010728, 'lng': -117.6950738298927}}}",https://maps.gstatic.com/mapfiles/place_api/icons/v1/png_71/generic_business-71.png,#7B9EB0,https://maps.gstatic.com/mapfiles/place_api/icons/v2/generic_pinlet,Axle Als Machine Shop,{'open_now': True},"[{'height': 3025, 'html_attributions': ['<a href=""https://maps.google.com/maps/contrib/113198497412961458780"">Axle Als Machine Shop</a>'], 'photo_reference': 'AWU5eFimuLB1c2ZsDKt9XDows7DvRbfddYTb_BVpVy8qNDPFp73ib4lbrI-MqbyjYOWi4pW8bVFZNiAoxeHpKRaLgRQmXEHm0d6pRl5JI8aMoD2J4EbTjSfL2JrL4hcidDFdYAIY1dY-ok5HYMuU1xQBu6Sx-bAbOSq7CF903DkGHOU_A4fl', 'width': 3024}]",ChIJ5d09-Eoyw4ARiTGXWLhV3bQ,"{'compound_code': '3854+4H Ontario, California', 'global_code': '85643854+4H'}",3.0,ChIJ5d09-Eoyw4ARiTGXWLhV3bQ,GOOGLE,"['point_of_interest', 'establishment']",2,"10803 Fremont Ave Ste A, Ontario"
OPERATIONAL,"{'location': {'lat': 33.9295841, 'lng': -117.9007734}, 'viewport': {'northeast': {'lat': 33.93093752989271, 'lng': -117.8993477201073}, 'southwest': {'lat': 33.92823787010727, 'lng': -117.9020473798927}}}",https://maps.gstatic.com/mapfiles/place_api/icons/v1/png_71/generic_business-71.png,#7B9EB0,https://maps.gstatic.com/mapfiles/place_api/icons/v2/generic_pinlet,Omni Machine Corp,{'open_now': True},"[{'height': 960, 'html_attributions': ['<a href=""https://maps.google.com/maps/contrib/109859861910869494416"">A Google User</a>'], 'photo_reference': 'AWU5eFhLM5jWf7NpmLGsg5JuEahCmNrpHJNuQ2vnjjsO1nbRABOuREgd9vSr7YhdqcnhNcvm_J43wOln4p-e3F3Um_0hhneQTfMzJV8EYaKsgKemYBHxeQJqrR_Lp_eQUaQ-06JcUlOYXIIzim4cjoU8F0bc7lH5-W48X1UD-cLb-IMDL0iN', 'width': 1280}]",ChIJ4WogQjHTwoARnDoxtZSfSW0,"{'compound_code': 'W3HX+RM Brea, California', 'global_code': '8554W3HX+RM'}",5.0,ChIJ4WogQjHTwoARnDoxtZSfSW0,GOOGLE,"['point_of_interest', 'establishment']",1,"420 Atlas St, Brea"
OPERATIONAL,"{'location': {'lat': 34.0081476, 'lng': -117.6937973}, 'viewport': {'northeast': {'lat': 34.00951242989272, 'lng': -117.6924477701073}, 'southwest': {'lat': 34.00681277010728, 'lng': -117.6951474298927}}}",https://maps.gstatic.com/mapfiles/place_api/icons/v1/png_71/generic_business-71.png,#7B9EB0,https://maps.gstatic.com/mapfiles/place_api/icons/v2/generic_pinlet,C2C Industries LLC,{'open_now': True},"[{'height': 3024, 'html_attributions': ['<a href=""https://maps.google.com/maps/contrib/104848515467334179822"">C2C Industries LLC</a>'], 'photo_reference': 'AWU5eFgwdI_0NLWqFSqTG9n7zXGgrv0kwXaJfUOH0AlEReTDM3yuXfpgiAA_Izx7gFNZXTqgSZU3XGisbb88HPfIaI3yIKahgG60AtHEzq56c0Nn11cgxz0zMXSJIFBbKXi2ERH4ENSR3kmqcPwxjZVva9q125EsOTxvTngkVgIHCyWdSgHF', 'width': 4032}]",ChIJ1SGDftcyw4ARo3R3y7_zjaE,"{'compound_code': '2854+7F Chino, California', 'global_code': '85642854+7F'}",5.0,ChIJ1SGDftcyw4ARo3R3y7_zjaE,GOOGLE,"['point_of_interest', 'establishment']",1,"13488 5th St, Chino"
OPERATIONAL,"{'location': {'lat': 33.8558804, 'lng': -117.8914454}, 'viewport': {'northeast': {'lat': 33.85713762989273, 'lng': -117.8900494701073}, 'southwest': {'lat': 33.85443797010728, 'lng': -117.8927491298928}}}",https://maps.gstatic.com/mapfiles/place_api/icons/v1/png_71/generic_business-71.png,#7B9EB0,https://maps.gstatic.com/mapfiles/place_api/icons/v2/generic_pinlet,Freeway Machine & Welding Shop,{'open_now': True},,ChIJTdiV5qPZ3IARmFPRhTfE1e0,"{'compound_code': 'V445+9G Anaheim, California', 'global_code': '8554V445+9G'}",5.0,ChIJTdiV5qPZ3IARmFPRhTfE1e0,GOOGLE,"['point_of_interest', 'establishment']",1,"1440 N Burton Pl, Anaheim"
OPERATIONAL,"{'location': {'lat': 34.0570592, 'lng': -117.6369113}, 'viewport': {'northeast': {'lat': 34.05840282989272, 'lng': -117.6354122201073}, 'southwest': {'lat': 34.05570317010728, 'lng': -117.6381118798927}}}",https://maps.gstatic.com/mapfiles/place_api/icons/v1/png_71/generic_business-71.png,#7B9EB0,https://maps.gstatic.com/mapfiles/place_api/icons/v2/generic_pinlet,Primos Cylinder Head Inc.,{'open_now': True},"[{'height': 3024, 'html_attributions': ['<a href=""https://maps.google.com/maps/contrib/113499910113614433798"">Marc Cram</a>'], 'photo_reference': 'AWU5eFgZCU7xPc1eKahsrgSNPSsuAz091zpRrUH03toBmF7aZp44L55MLI9O5czSUc64AsqnVnu5VzumtJNQF-PJAFiDlHFdKd1ZyGlV_9eP5ueWQh02RCDezEDYURVPM8JYgHtube4DjSmNBkuC7XWqgvr7ycYBcN4HyDgv0YGXjgc2nOoF', 'width': 4032}]",ChIJOdy3GXw0w4ARyjRK5GFNR3M,"{'compound_code': '3947+R6 Ontario, California', 'global_code': '85643947+R6'}",4.6,ChIJOdy3GXw0w4ARyjRK5GFNR3M,GOOGLE,"['point_of_interest', 'establishment']",14,"630 S Bon View Ave, Ontario"
OPERATIONAL,"{'location': {'lat': 33.8527831, 'lng': -117.8574997}, 'viewport': {'northeast': {'lat': 33.85412302989272, 'lng': -117.8561885201073}, 'southwest': {'lat': 33.85142337010728, 'lng': -117.8588881798927}}}",https://maps.gstatic.com/mapfiles/place_api/icons/v1/png_71/generic_business-71.png,#7B9EB0,https://maps.gstatic.com/mapfiles/place_api/icons/v2/generic_pinlet,Q & E,{'open_now': True},"[{'height': 461, 'html_attributions': ['<a href=""https://maps.google.com/maps/contrib/107692636918674883127"">Q &amp; E Engine Machine Shop</a>'], 'photo_reference': 'AWU5eFjjnRdGbqrIs7WqwzX2CPsLuIw9FWzov-LRD6DCYl8RAP7mZP-70tiCR9puI9LCZztBHsrqsZny_i4k8b1NAd_yLQKxQTE13Ff3Qtvhiu9xmUBHJODbcbxzLkvqH_-6BLh3GouSBG0H2pWtJfHVRFsQnRURRCHfotmxy9vPDUY5CkB2', 'width': 614}]",ChIJ0x1qWurW3IARkPqpSv4q4TE,"{'compound_code': 'V43V+42 Anaheim, California', 'global_code': '8554V43V+42'}",3.9,ChIJ0x1qWurW3IARkPqpSv4q4TE,GOOGLE,"['car_repair', 'store', 'point_of_interest', 'establishment']",37,"1140 N Kraemer Blvd A, Anaheim"
OPERATIONAL,"{'location': {'lat': 34.0607184, 'lng': -117.6973576}, 'viewport': {'northeast': {'lat': 34.06198022989273, 'lng': -117.6960101701073}, 'southwest': {'lat': 34.05928057010728, 'lng': -117.6987098298927}}}",https://maps.gstatic.com/mapfiles/place_api/icons/v1/png_71/generic_business-71.png,#7B9EB0,https://maps.gstatic.com/mapfiles/place_api/icons/v2/generic_pinlet,"CNC Industries, Inc.",{'open_now': True},"[{'height': 1024, 'html_attributions': ['<a href=""https://maps.google.com/maps/contrib/105743618924159769714"">CNC Industries, Inc. .</a>'], 'photo_reference': 'AWU5eFgtmx8-1hj-bweS1FWZ52tar96bGiWhXVRKmQ_33coRrMesOVke0f1CzcyI2bmJP7_ZFPDA6NSl9E_AOEZBxGc5aODhmhrAhC4XZLfgQn9fPj3TamEH4NXIH3aRCw1TbolFIco7_daayhGx-r5yyBfxP-jMr3ojbl25SDDS9CK9BSUO', 'width': 1824}]",ChIJw5tbQzYyw4ARx2sgi95pzQg,"{'compound_code': '3863+73 Montclair, California', 'global_code': '85643863+73'}",0.0,ChIJw5tbQzYyw4ARx2sgi95pzQg,GOOGLE,"['point_of_interest', 'establishment']",0,"4965 Brooks St, Montclair"
OPERATIONAL,"{'location': {'lat': 33.87984429999999, 'lng': -117.7340155}, 'viewport': {'northeast': {'lat': 33.88117172989273, 'lng': -117.7326919701073}, 'southwest': {'lat': 33.87847207010728, 'lng': -117.7353916298927}}}",https://maps.gstatic.com/mapfiles/place_api/icons/v1/png_71/generic_business-71.png,#7B9EB0,https://maps.gstatic.com/mapfiles/place_api/icons/v2/generic_pinlet,Star CNC Machine,{'open_now': True},,ChIJ5b0_QN7R3IARN8jOUBi_Oe8,"{'compound_code': 'V7H8+W9 Yorba Linda, California', 'global_code': '8554V7H8+W9'}",0.0,ChIJ5b0_QN7R3IARN8jOUBi_Oe8,GOOGLE,"['point_of_interest', 'establishment']",0,"22609 La Palma Ave #204, Yorba Linda"
