business_status,geometry,icon,icon_background_color,icon_mask_base_uri,name,opening_hours,photos,place_id,plus_code,rating,reference,scope,types,user_ratings_total,vicinity,price_level
OPERATIONAL,"{'location': {'lat': 34.0565483, 'lng': -117.723233}, 'viewport': {'northeast': {'lat': 34.05790677989272, 'lng': -117.7218803701073}, 'southwest': {'lat': 34.05520712010727, 'lng': -117.7245800298927}}}",https://maps.gstatic.com/mapfiles/place_api/icons/v1/png_71/generic_business-71.png,#7B9EB0,https://maps.gstatic.com/mapfiles/place_api/icons/v2/generic_pinlet,Triple R Machines INC,{'open_now': True},"[{'height': 4032, 'html_attributions': ['<a href=""https://maps.google.com/maps/contrib/105798395389794159951"">A Google User</a>'], 'photo_reference': 'AWU5eFhGzlnyaZDJBVGxnecTQpmjYKSapUFDXfVMiMgrUKYOnjD1XiezEwPh05yyOPNvP6bqOnCZgqGwDsr8ZRdWYXT83bChsWFkT0emoqkq_laFoE7DaUZ7SyIVZydyRWd3qzVPgUU0sJ_EZa88JGGspHYCqEKTrFYbZ8DHkan_GPlrI8ZF', 'width': 3024}]",ChIJMZW8PhIyw4AROSp6JsGFFg8,"{'compound_code': '374G+JP Pomona, California', 'global_code': '8564374G+JP'}",5.0,ChIJMZW8PhIyw4AROSp6JsGFFg8,GOOGLE,"['point_of_interest', 'establishment']",1.0,"380 S East End Ave g, Pomona",
OPERATIONAL,"{'location': {'lat': 34.0858286, 'lng': -117.5876911}, 'viewport': {'northeast': {'lat': 34.08718047989272, 'lng': -117.5864483201073}, 'southwest': {'lat': 34.08448082010727, 'lng': -117.5891479798927}}}",https://maps.gstatic.com/mapfiles/place_api/icons/v1/png_71/generic_business-71.png,#7B9EB0,https://maps.gstatic.com/mapfiles/place_api/icons/v2/generic_pinlet,L&R Machine,{'open_now': True},"[{'height': 1932, 'html_attributions': ['<a href=""https://maps.google.com/maps/contrib/101260095905637832431"">A Google User</a>'], 'photo_reference': 'AWU5eFizFpsZeFzG2qQKtQAm6rB6biAgWmXgLP7Me6wM3drKNtWXWQyz2GKZoIb0IJ60H__LFqlu00ibRJbdBFEi87kZoWomOabgvF8Q-bACWSTak1Sucta9vAMwip_iTgqHSiXus1GgroQgmdoSxLZ4hH1AtRNCIazfYoS7pupUqw_YVFUO', 'width': 2576}]",ChIJQVf7Wn41w4ARNMKsOQgIs-c,"{'compound_code': '3CP6+8W Rancho Cucamonga, California', 'global_code': '85643CP6+8W'}",0.0,ChIJQVf7Wn41w4ARNMKsOQgIs-c,GOOGLE,"['point_of_interest', 'establishment']",0.0,"10022 6th St Suite D, Rancho Cucamonga",
OPERATIONAL,"{'location': {'lat': 34.09277770000001, 'lng': -117.6005361}, 'viewport': {'northeast': {'lat': 34.09412742989272, 'lng': -117.5991435201073}, 'southwest': {'lat': 34.09142777010727, 'lng': -117.6018431798928}}}",https://maps.gstatic.com/mapfiles/place_api/icons/v1/png_71/generic_business-71.png,#7B9EB0,https://maps.gstatic.com/mapfiles/place_api/icons/v2/generic_pinlet,J&L Precision Machine,{'open_now': True},"[{'height': 2160, 'html_attributions': ['<a href=""https://maps.google.com/maps/contrib/116455728658128287285"">A Google User</a>'], 'photo_reference': 'AWU5eFi4HfvfMn7Na58zoqxXqXQ9VmHP01GSaphZXxXsPsyXoJFcutopuVSSO0ALfWomaebrPNSp-5DTXf3uX9Ng5dLbcrWK0bS5Vcr3LwIod3stgLvzGTnZwUZMA6ENWgdGO0_ti7nikx-ddReRrKFFGdD4l8c5qea7COxGxiAxNVN-RvM7', 'width': 2880}]",ChIJk9T5dTI0w4AReR106U3MWdM,"{'compound_code': '39VX+4Q Rancho Cucamonga, California', 'global_code': '856439VX+4Q'}",0.0,ChIJk9T5dTI0w4AReR106U3MWdM,GOOGLE,"['point_of_interest', 'establishment']",0.0,"9375 Feron Blvd c, Rancho Cucamonga",
OPERATIONAL,"{'location': {'lat': 33.8655815, 'lng': -117.815834}, 'viewport': {'northeast': {'lat': 33.86683012989272, 'lng': -117.8145011701072}, 'southwest': {'lat': 33.86413047010727, 'lng': -117.8172008298927}}}",https://maps.gstatic.com/mapfiles/place_api/icons/v1/png_71/generic_business-71.png,#7B9EB0,https://maps.gstatic.com/mapfiles/place_api/icons/v2/generic_pinlet,"Moseys Production Machinists, Inc - Anaheim Machine Shop",{'open_now': True},"[{'height': 630, 'html_attributions': ['<a href=""https://maps.google.com/maps/contrib/113492757196599537083"">Moseys Production Machinists, Inc.</a>'], 'photo_reference': 'AWU5eFg29Flaj2onKpxrbxV603SjetoFwKomPfxVUzHmQv3dQSxyHRP1U5JXdTgUBE6PVQLVsHB3-A-5R1hyvf9h1Ce0j5amWwWGoYymO56ix1BmVgVBFm4RlRMYxeWU77YOQBNGzMfqj6O7mDLBirYss2p6AH0Ov4AyTx0KxSH09_YmCuj_', 'width': 800}]",ChIJh6HAfEfR3IAR3vcz3oAEUJw,"{'compound_code': 'V58M+6M Anaheim, California', 'global_code': '8554V58M+6M'}",4.6,ChIJh6HAfEfR3IAR3vcz3oAEUJw,GOOGLE,"['point_of_interest', 'establishment']",18.0,"1550 Lakeview Loop, Anaheim",
OPERATIONAL,"{'location': {'lat': 34.0950409, 'lng': -117.6045894}, 'viewport': {'northeast': {'lat': 34.09639217989272, 'lng': -117.6032801701073}, 'southwest': {'lat': 34.09369252010728, 'lng': -117.6059798298927}}}",https://maps.gstatic.com/mapfiles/place_api/icons/v1/png_71/generic_business-71.png,#7B9EB0,https://maps.gstatic.com/mapfiles/place_api/icons/v2/generic_pinlet,All-Star Precision,{'open_now': True},,ChIJ-20kGC80w4AR3q1z1YyhZG8,"{'compound_code': '39WW+25 Rancho Cucamonga, California', 'global_code': '856439WW+25'}",5.0,ChIJ-20kGC80w4AR3q1z1YyhZG8,GOOGLE,"['point_of_interest', 'establishment']",2.0,"8739 Lion St, Rancho Cucamonga",
OPERATIONAL,"{'location': {'lat': 33.8856238, 'lng': -117.5951982}, 'viewport': {'northeast': {'lat': 33.88683557989272, 'lng': -117.5938690701073}, 'southwest': {'lat': 33.88413592010728, 'lng': -117.5965687298927}}}",https://maps.gstatic.com/mapfiles/place_api/icons/v1/png_71/generic_business-71.png,#7B9EB0,https://maps.gstatic.com/mapfiles/place_api/icons/v2/generic_pinlet,Accurate Machine & Tool,{'open_now': True},"[{'height': 1536, 'html_attributions': ['<a href=""https://maps.google.com/maps/contrib/115605131003723772195"">Accurate Machine &amp; Tool</a>'], 'photo_reference': 'AWU5eFha-DKXYAslwAMgfUQx7PD1UNK5EHzZl9jA6ZR_xDWpU3vXFdV1ZswHTRpF3t4nfVoKBUolM7yDkOLKgAiUK2h0nZYLPP-MdXhNxzb0PZbV4cJx75cTsFe9Spjjk20xSjbgN1avPKYgiW3V-xAe5GKeqqoyeMI_3ID4EeY5S7iALg7Q', 'width': 2048}]",ChIJzZgKYVjI3IARLQx9JrOr5o0,"{'compound_code': 'VCP3+6W Corona, California', 'global_code': '8554VCP3+6W'}",5.0,ChIJzZgKYVjI3IARLQx9JrOr5o0,GOOGLE,"['point_of_interest', 'establishment']",2.0,"1561 Commerce St, Corona",
OPERATIONAL,"{'location': {'lat': 33.8842874, 'lng': -117.5967306}, 'viewport': {'northeast': {'lat': 33.88563227989272, 'lng': -117.5953241201073}, 'southwest': {'lat': 33.88293262010728, 'lng': -117.5980237798928}}}",https://maps.gstatic.com/mapfiles/place_api/icons/v1/png_71/generic_business-71.png,#7B9EB0,https://maps.gstatic.com/mapfiles/place_api/icons/v2/generic_pinlet,Jackman Machining,{'open_now': True},,ChIJWckaJPbI3IARdUHRCmlNC00,"{'compound_code': 'VCM3+P7 Corona, California', 'global_code': '8554VCM3+P7'}",5.0,ChIJWckaJPbI3IARdUHRCmlNC00,GOOGLE,"['point_of_interest', 'establishment']",1.0,"182 Business Center Dr, Corona",
OPERATIONAL,"{'location': {'lat': 34.1044664, 'lng': -117.6879421}, 'viewport': {'northeast': {'lat': 34.10581687989272, 'lng': -117.6867098201073}, 'southwest': {'lat': 34.10311722010728, 'lng': -117.6894094798927}}}",https://maps.gstatic.com/mapfiles/place_api/icons/v1/png_71/generic_business-71.png,#7B9EB0,https://maps.gstatic.com/mapfiles/place_api/icons/v2/generic_pinlet,PK Machine Inc.,{'open_now': True},"[{'height': 1530, 'html_attributions': ['<a href=""https://maps.google.com/maps/contrib/105820589612239042913"">PK Machine Inc.</a>'], 'photo_reference': 'AWU5eFjwBSwPXVRIH8ddaWImxbUH8vyvOugrPJxHNN0gFO4Ux-N2k3Yb7UYB0RPbEsukvooMu9IHQIkpWrB25lwq3LBc1v0YfM-Mt4RzN4C48wGB-WQ95GmCs9NylheMng37nEclAfm5deUBDeqgeu3LihAdOtnliCb-uuLjOhrGjslFNnQL', 'width': 2048}]",ChIJlcFi2woxw4AREc6tywQic0Y,"{'compound_code': '4836+QR Upland, California', 'global_code': '85644836+QR'}",5.0,ChIJlcFi2woxw4AREc6tywQic0Y,GOOGLE,"['point_of_interest', 'establishment']",4.0,"1935 W 11th St Unit F, Upland",
OPERATIONAL,"{'location': {'lat': 33.8519664, 'lng': -117.8563404}, 'viewport': {'northeast': {'lat': 33.85333467989273, 'lng': -117.8550646201072}, 'southwest': {'lat': 33.85063502010728, 'lng': -117.8577642798927}}}",https://maps.gstatic.com/mapfiles/place_api/icons/v1/png_71/generic_business-71.png,#7B9EB0,https://maps.gstatic.com/mapfiles/place_api/icons/v2/generic_pinlet,D & R Machine Shop,{'open_now': True},"[{'height': 2448, 'html_attributions': ['<a href=""https://maps.google.com/maps/contrib/107359514888538717507"">D &amp; R Machine Shop</a>'], 'photo_reference': 'AWU5eFgWZaXA-zOSWusSZ0bCC8uA6zI33EBFcwdGaxTNsJhu4qiPDbpu2Yv6ZR6oAZ1yPgk-pg6eUmyoqOg81Sz7xVT6txXl3ZYdCjGdW3b0OIbGHTw5VXHYhjFKYQvbHwc-1nIulJ9VhHTwiCEphHJw52kMPP8xguTq63ZaVi6DyLlUOBpy', 'width': 2448}]",ChIJu-qTXerW3IARItzDnI52KZA,"{'compound_code': 'V42V+QF Anaheim, California', 'global_code': '8554V42V+QF'}",0.0,ChIJu-qTXerW3IARItzDnI52KZA,GOOGLE,"['point_of_interest', 'establishment']",0.0,"3121 La Palma Ave # D, Anaheim",
OPERATIONAL,"{'location': {'lat': 34.06143220000001, 'lng': -117.6763243}, 'viewport': {'northeast': {'lat': 34.06278252989272, 'lng': -117.6748644701073}, 'southwest': {'lat': 34.06008287010727, 'lng': -117.6775641298928}}}",https://maps.gstatic.com/mapfiles/place_api/icons/v1/png_71/generic_business-71.png,#7B9EB0,https://maps.gstatic.com/mapfiles/place_api/icons/v2/generic_pinlet,Valdez Machine,{'open_now': True},"[{'height': 1920, 'html_attributions': ['<a href=""https://maps.google.com/maps/contrib/109742199526223703906"">Trek Kinsey</a>'], 'photo_reference': 'AWU5eFiw5sLt8UOoyuoIY2D3iQfEHsmru3IHWMm2FxzY4cHPcRsvUChZlGleQ_j2n-8XZGbKe3W5W8lsspeMOxq6J6vFrBB0mvpY8KTfOihO_KbHeIYqD-Ennr7rt4yhNWMbPzKvXvLoRbLspWHmIwiSG0OojyHhtxuWCI6PkHnxOogUKttl', 'width': 1080}]",ChIJt66W87aw3IARm-4mom5Xnd8,"{'compound_code': '386F+HH Ontario, California', 'global_code': '8564386F+HH'}",5.0,ChIJt66W87aw3IARm-4mom5Xnd8,GOOGLE,"['point_of_interest', 'establishment']",2.0,"1339 Brooks St # A, Ontario",
OPERATIONAL,"{'location': {'lat': 34.0401669, 'lng': -117.6401212}, 'viewport': {'northeast': {'lat': 34.04172292989273, 'lng': -117.6387475701072}, 'southwest': {'lat': 34.03902327010728, 'lng': -117.6414472298927}}}",https://maps.gstatic.com/mapfiles/place_api/icons/v1/png_71/generic_business-71.png,#7B9EB0,https://maps.gstatic.com/mapfiles/place_api/icons/v2/generic_pinlet,E & L Quality Machining,{'open_now': True},"[{'height': 612, 'html_attributions': ['<a href=""https://maps.google.com/maps/contrib/103616078062693151471"">Mike Busch</a>'], 'photo_reference': 'AWU5eFg-LOHR36DuWd_0dyVaAn_a5RkS07TpaxJkihiTt0ljOC63xst94IPx2zbYSxutD-BvMf_F-_lNXO76mD6FYL3H0EXzKpDODdWeyyJfbDQDgjdTSOcro6A4CYDy3hqJl70SYZE-_MvWWZ7_JTwnDe2H5XGxAxdEsVy_vKsYDaia0S7r', 'width': 792}]",ChIJRaV545w0w4AROflTdIKxIv0,"{'compound_code': '29R5+3W Ontario, California', 'global_code': '856429R5+3W'}",5.0,ChIJRaV545w0w4AROflTdIKxIv0,GOOGLE,"['point_of_interest', 'establishment']",2.0,"760 E Francis St t, Ontario",
OPERATIONAL,"{'location': {'lat': 34.0415265, 'lng': -117.6366958}, 'viewport': {'northeast': {'lat': 34.04287252989272, 'lng': -117.6352538201073}, 'southwest': {'lat': 34.04017287010728, 'lng': -117.6379534798927}}}",https://maps.gstatic.com/mapfiles/place_api/icons/v1/png_71/generic_business-71.png,#7B9EB0,https://maps.gstatic.com/mapfiles/place_api/icons/v2/generic_pinlet,Redline Machining Inc.,{'open_now': True},"[{'height': 1512, 'html_attributions': ['<a href=""https://maps.google.com/maps/contrib/105369532767948475578"">Nick B.</a>'], 'photo_reference': 'AWU5eFgPhoiCnSlvXrHI7aT5cAiNN62oEbXCwv3jkWV1j0brieHmfO0iCnuCWtcJkdg03jJL03M10YqdA3GI0qOUWRr-VHDfhAEQoorUc20t46nbQB-RU6I3_o6Zuv0QIPmTrO6QHOrYiMJNMEpDKtamGdp6LAFToSE9ZfAqz3BWG9oiP1TC', 'width': 2016}]",ChIJ_Ze96y00w4ARa7xW5fil3ho,"{'compound_code': '29R7+M8 Ontario, California', 'global_code': '856429R7+M8'}",5.0,ChIJ_Ze96y00w4ARa7xW5fil3ho,GOOGLE,"['point_of_interest', 'establishment']",1.0,"907 E Francis St, Ontario",
OPERATIONAL,"{'location': {'lat': 34.0329261, 'lng': -117.7312438}, 'viewport': {'northeast': {'lat': 34.03427817989272, 'lng': -117.7297953201073}, 'southwest': {'lat': 34.03157852010728, 'lng': -117.7324949798927}}}",https://maps.gstatic.com/mapfiles/place_api/icons/v1/png_71/generic_business-71.png,#7B9EB0,https://maps.gstatic.com/mapfiles/place_api/icons/v2/generic_pinlet,B & D Precision Micro-Welding & Machining,{'open_now': True},"[{'height': 3648, 'html_attributions': ['<a href=""https://maps.google.com/maps/contrib/106780607778838430736"">A Google User</a>'], 'photo_reference': 'AWU5eFgvMrqLO-1taF8rWthasJocrUCVQyJ9c_c3aBB8GY7ffvPAANzM8RvQc35jHYuguD6p3TFWI6r84rkV_cVvp-NegrS9x5URS_VIyq14XB9tdeQ_hTX99Lv0l3hgrZZki4hvePxU404c3l5_hv-jSBevx25MRJVt--D9_gTANxQr1NoW', 'width': 5472}]",ChIJp5W3K3wyw4ARWvTv3Pc1Txc,"{'compound_code': '27M9+5G Pomona, California', 'global_code': '856427M9+5G'}",5.0,ChIJp5W3K3wyw4ARWvTv3Pc1Txc,GOOGLE,"['store', 'point_of_interest', 'establishment']",7.0,"2140 S Reservoir St, Pomona",
OPERATIONAL,"{'location': {'lat': 34.0003669, 'lng': -117.7060905}, 'viewport': {'northeast': {'lat': 34.00171697989272, 'lng': -117.7047955201072}, 'southwest': {'lat': 33.99901732010728, 'lng': -117.7074951798927}}}",https://maps.gstatic.com/mapfiles/place_api/icons/v1/png_71/generic_business-71.png,#7B9EB0,https://maps.gstatic.com/mapfiles/place_api/icons/v2/generic_pinlet,Ruggio Precision Machining,{'open_now': True},,ChIJqaR6ns4yw4ARAu0bXbLzJdY,"{'compound_code': '272V+4H Chino, California', 'global_code': '8564272V+4H'}",0.0,ChIJqaR6ns4yw4ARAu0bXbLzJdY,GOOGLE,"['point_of_interest', 'establishment']",0.0,"13905 Ramona Ave suite d, Chino",
OPERATIONAL,"{'location': {'lat': 33.8521094, 'lng': -117.8566664}, 'viewport': {'northeast': {'lat': 33.85355197989272, 'lng': -117.8552547701073}, 'southwest': {'lat': 33.85085232010728, 'lng': -117.8579544298928}}}",https://maps.gstatic.com/mapfiles/place_api/icons/v1/png_71/generic_business-71.png,#7B9EB0,https://maps.gstatic.com/mapfiles/place_api/icons/v2/generic_pinlet,Arrow Machining,{'open_now': True},"[{'height': 4000, 'html_attributions': ['<a href=""https://maps.google.com/maps/contrib/115727896490742302779"">Trevelyan Cook</a>'], 'photo_reference': 'AWU5eFj8Oj4VdDNlrYgq7qBG9_5U8IhJ6MPDUbYQ54Ome9E02bJwiwiSMJ1MzVu4np1j8Cgm3fRo5v3-xwybPPovw8M4d0lP60r3DDVJ8hAVAzHI_wZpq71IVkO2DYzeG4FPsjZOCb2_6hMISjIfvn8hIsKpkZzM4CS1ZbNsfezjafzBBdZ_', 'width': 1800}]",ChIJu-qTXerW3IARtFDvSI8koPQ,"{'compound_code': 'V42V+R8 Anaheim, California', 'global_code': '8554V42V+R8'}",5.0,ChIJu-qTXerW3IARtFDvSI8koPQ,GOOGLE,"['point_of_interest', 'establishment']",3.0,"1130 N Kraemer Blvd Suite P, Anaheim",
OPERATIONAL,"{'location': {'lat': 34.095922, 'lng': -117.5693969}, 'viewport': {'northeast': {'lat': 34.09727402989272, 'lng': -117.5680203201073}, 'southwest': {'lat': 34.09457437010727, 'lng': -117.5707199798927}}}",https://maps.gstatic.com/mapfiles/place_api/icons/v1/png_71/generic_business-71.png,#7B9EB0,https://maps.gstatic.com/mapfiles/place_api/icons/v2/generic_pinlet,D1 Engineering & Machine Shop (D1EMS),{'open_now': True},,ChIJhdPXcek1w4AR7w3EvsSUlWk,"{'compound_code': '3CWJ+96 Rancho Cucamonga, California', 'global_code': '85643CWJ+96'}",5.0,ChIJhdPXcek1w4AR7w3EvsSUlWk,GOOGLE,"['point_of_interest', 'establishment']",3.0,"8620 Red Oak St, Rancho Cucamonga",
OPERATIONAL,"{'location': {'lat': 34.0561664, 'lng': -117.8021821}, 'viewport': {'northeast': {'lat': 34.05739297989272, 'lng': -117.8008799201073}, 'southwest': {'lat': 34.05469332010728, 'lng': -117.8035795798927}}}",https://maps.gstatic.com/mapfiles/place_api/icons/v1/png_71/generic_business-71.png,#7B9EB0,https://maps.gstatic.com/mapfiles/place_api/icons/v2/generic_pinlet,Juell Machine Co Inc,{'open_now': True},"[{'height': 4032, 'html_attributions': ['<a href=""https://maps.google.com/maps/contrib/105798395389794159951"">A Google User</a>'], 'photo_reference': 'AWU5eFhkvawmEu4RmH-OELZeS_1NQQVAXp5GdeZ_d6aBIgDfMeTPYyUivW-gRiouVKWKzWU2i4VD5PBa9PFtvhApqxMyn0j-ynIIQxZ4RSMJboxA81tU968Y-0Ghct-6nondm7ulgD8UUxGWEwnLLtEUMoTCX7JzDB-axvYN75SBMB6NA-ZC', 'width': 3024}]",ChIJXWlOeZ4uw4ARdV-v_ck96RM,"{'compound_code': '354X+F4 Pomona, California', 'global_code': '8564354X+F4'}",0.0,ChIJXWlOeZ4uw4ARdV-v_ck96RM,GOOGLE,"['point_of_interest', 'establishment']",0.0,"150 Pacific St, Pomona",
OPERATIONAL,"{'location': {'lat': 34.0382154, 'lng': -117.619288}, 'viewport': {'northeast': {'lat': 34.03956487989272, 'lng': -117.6179154701073}, 'southwest': {'lat': 34.03686522010727, 'lng': -117.6206151298927}}}",https://maps.gstatic.com/mapfiles/place_api/icons/v1/png_71/generic_business-71.png,#7B9EB0,https://maps.gstatic.com/mapfiles/place_api/icons/v2/generic_pinlet,APC Machine Inc,{'open_now': True},"[{'height': 3024, 'html_attributions': ['<a href=""https://maps.google.com/maps/contrib/116967871187648956390"">A Google User</a>'], 'photo_reference': 'AWU5eFh4FasLrzmwSqv-QhQe8lMu8zP0P0TmjVNg9Njun_jPfOM__rlJZjkOXDR6Sv_jr-iDoJ2twfb9KhxtFRrYMaqtFfGz_rdDQhJ3WT5xvGSAR6gMsh2ETaoqpyZSAwviMvASVk4xDYMiR9pX_8E5GTMHOF17YhVsGopb0tfu7isjEeP8', 'width': 4032}]",ChIJz36GyOo0w4AR4uKH3EQCbxE,"{'compound_code': '29QJ+77 Ontario, California', 'global_code': '856429QJ+77'}",5.0,ChIJz36GyOo0w4AR4uKH3EQCbxE,GOOGLE,"['point_of_interest', 'establishment']",1.0,"1942 S Augusta Ct # C, Ontario",
OPERATIONAL,"{'location': {'lat': 34.035423, 'lng': -117.600859}, 'viewport': {'northeast': {'lat': 34.03673862989272, 'lng': -117.5995094701073}, 'southwest': {'lat': 34.03403897010728, 'lng': -117.6022091298927}}}",https://maps.gstatic.com/mapfiles/place_api/icons/v1/png_71/generic_business-71.png,#7B9EB0,https://maps.gstatic.com/mapfiles/place_api/icons/v2/generic_pinlet,Nyx Machining LLC,{'open_now': True},"[{'height': 3025, 'html_attributions': ['<a href=""https://maps.google.com/maps/contrib/109938096294074673210"">A Google User</a>'], 'photo_reference': 'AWU5eFgNdkyf-dZhyvi-eUga_AH-jTySe18VR9o2k1HGCw7s2BvJPrEfozndE97xdwVZTEpLRPjUW9tMBkhRlZqcLsc8RY_SOaLlHRbRvOLsN5BLCp9939Vglzi2R6TgqKr9BjC70nFQYKI2NPjPP-nFJ7T1XgHsfPnr0WRvLVpDn-rGsxsr', 'width': 3024}]",ChIJmyT9A6DX3IARO7Sd9HO19pI,"{'compound_code': '29PX+5M Ontario, California', 'global_code': '856429PX+5M'}",5.0,ChIJmyT9A6DX3IARO7Sd9HO19pI,GOOGLE,"['point_of_interest', 'establishment']",5.0,"2101 S Hellman Ave Unit i, Ontario",
OPERATIONAL,"{'location': {'lat': 34.0301719, 'lng': -117.5270486}, 'viewport': {'northeast': {'lat': 34.03147597989272, 'lng': -117.5256706701073}, 'southwest': {'lat': 34.02877632010727, 'lng': -117.5283703298927}}}",https://maps.gstatic.com/mapfiles/place_api/icons/v1/png_71/generic_business-71.png,#7B9EB0,https://maps.gstatic.com/mapfiles/place_api/icons/v2/generic_pinlet,Brothers Machine & Tool Inc,{'open_now': True},,ChIJ-_GeO0i13IARMbLinzqHjmM,"{'compound_code': '2FHF+X5 Jurupa Valley, California', 'global_code': '85642FHF+X5'}",5.0,ChIJ-_GeO0i13IARMbLinzqHjmM,GOOGLE,"['point_of_interest', 'establishment']",1.0,"11098 Inland Ave, Jurupa Valley",
,"{'location': {'lat': 34.0633443, 'lng': -117.6508876}, 'viewport': {'northeast': {'lat': 34.09281006786069, 'lng': -117.5242779262211}, 'southwest': {'lat': 33.97521291631926, 'lng': -117.6835879754254}}}",https://maps.gstatic.com/mapfiles/place_api/icons/v1/png_71/geocode-71.png,#7B9EB0,https://maps.gstatic.com/mapfiles/place_api/icons/v2/generic_pinlet,Ontario,,"[{'height': 3024, 'html_attributions': ['<a href=""https://maps.google.com/maps/contrib/106723209581886213614"">David Sharp</a>'], 'photo_reference': 'AWU5eFgCHFzFu9q1gQzcGom11obKwB9sVztob9MZMj7suX0K0ludpCo09LpiezkO4-dO2wT2mkeBww4FcJN_ufX_8dF4F4-pOmT__ItLsMRXoY_PFCNRMcKsclmS_0KLurhduKIsSVelQlWhUPDlW1qrhGGlTk-5TMizYCEr6fMttvCwMKnH', 'width': 4032}]",ChIJe2Ld6ts0w4ARkDFY-VrjAwc,,,ChIJe2Ld6ts0w4ARkDFY-VrjAwc,GOOGLE,"['locality', 'political']",,Ontario,
OPERATIONAL,"{'location': {'lat': 34.01240669999999, 'lng': -117.7368334}, 'viewport': {'northeast': {'lat': 34.01366048029149, 'lng': -117.7354439197085}, 'southwest': {'lat': 34.0109625197085, 'lng': -117.7381418802915}}}",https://maps.gstatic.com/mapfiles/place_api/icons/v1/png_71/lodging-71.png,#909CE1,https://maps.gstatic.com/mapfiles/place_api/icons/v2/hotel_pinlet,Hampton Inn & Suites Chino Hills,,"[{'height': 303, 'html_attributions': ['<a href=""https://maps.google.com/maps/contrib/102873066829440580477"">Hampton Inn &amp; Suites Chino Hills</a>'], 'photo_reference': 'AWU5eFgT2hCUPlVvht4nYEDXIR6ZPI1MbLqUqC-U0vagud9_5ZvvNqy0saugRL9hEcdvhV_TytrQHGe01N35qdWtpuRNygfp5rkvSNlzTl_SccPLar4ax-0OAKuRCEbgob2EJB4QqXnOcxNaCv4nStRjOu89St_wNCxJRC4Z_J7OPJS3pc5o', 'width': 425}]",ChIJ35smGp4yw4ARog8QkvzAzPk,"{'compound_code': '2767+X7 Chino Hills, CA, USA', 'global_code': '85642767+X7'}",4.2,ChIJ35smGp4yw4ARog8QkvzAzPk,GOOGLE,"['lodging', 'point_of_interest', 'establishment']",490.0,"3150 Chino Avenue, Chino Hills",
OPERATIONAL,"{'location': {'lat': 33.9702165, 'lng': -117.6904625}, 'viewport': {'northeast': {'lat': 33.9715372802915, 'lng': -117.6892374697085}, 'southwest': {'lat': 33.96883931970851, 'lng': -117.6919354302915}}}",https://maps.gstatic.com/mapfiles/place_api/icons/v1/png_71/lodging-71.png,#909CE1,https://maps.gstatic.com/mapfiles/place_api/icons/v2/hotel_pinlet,Hotel Chino Hills,{'open_now': True},"[{'height': 720, 'html_attributions': ['<a href=""https://maps.google.com/maps/contrib/100420061491261244797"">Hotel Chino Hills</a>'], 'photo_reference': 'AWU5eFhAjAMRB96Fz66y2uueUyUGWXPOVxiAWiZiHcb5Dr3HjwwxkNlxKURFEN9kH0zH-z2LFm3lF7PAwizzjBUMz5Lk2rlWOLPb2O-t6MwRipZ9ct0PQ7yfLhB1x1LxeYtVmmdsbSFmAllqnSPePws5GNBidya7Vt6xTfv8bo5ldSoXl_KG', 'width': 1280}]",ChIJ2cVSWuLM3IARgPUEeoVUuJM,"{'compound_code': 'X8C5+3R Chino Hills, CA, USA', 'global_code': '8554X8C5+3R'}",3.5,ChIJ2cVSWuLM3IARgPUEeoVUuJM,GOOGLE,"['lodging', 'point_of_interest', 'establishment']",701.0,"15433 Fairfield Ranch Road, Chino Hills",
OPERATIONAL,"{'location': {'lat': 34.066497, 'lng': -117.609928}, 'viewport': {'northeast': {'lat': 34.06808320000002, 'lng': -117.6078144}, 'southwest': {'lat': 34.06426799999998, 'lng': -117.6120484}}}",https://maps.gstatic.com/mapfiles/place_api/icons/v1/png_71/lodging-71.png,#909CE1,https://maps.gstatic.com/mapfiles/place_api/icons/v2/hotel_pinlet,DoubleTree by Hilton Hotel Ontario Airport,,"[{'height': 380, 'html_attributions': ['<a href=""https://maps.google.com/maps/contrib/108884373029099289720"">DoubleTree by Hilton Hotel Ontario Airport</a>'], 'photo_reference': 'AWU5eFjwyLbj8aVmYdkTFwvtF_fLGysPuChCXTSaA6yTQvJGPI2VvlIgenOWeSZWF_T293tkxsoNTCRrqtIywznvN5SX5Rl777g4upxJjU-UbQnf8R1vm0ZbXG5_3OkWuAbwdE1w2loKGQtUHHB9BwzYyVfl6wMVnJis0o7bjtC8-YWJtEWd', 'width': 677}]",ChIJ_3xWE1o0w4ARNg29tIPPFvY,"{'compound_code': '398R+H2 Ontario, CA, USA', 'global_code': '8564398R+H2'}",4.2,ChIJ_3xWE1o0w4ARNg29tIPPFvY,GOOGLE,"['lodging', 'point_of_interest', 'establishment']",3720.0,"222 North Vineyard Avenue, Ontario",
OPERATIONAL,"{'location': {'lat': 34.0796298, 'lng': -117.7627178}, 'viewport': {'northeast': {'lat': 34.0808413802915, 'lng': -117.7612397697085}, 'southwest': {'lat': 34.0781434197085, 'lng': -117.7639377302915}}}",https://maps.gstatic.com/mapfiles/place_api/icons/v1/png_71/lodging-71.png,#909CE1,https://maps.gstatic.com/mapfiles/place_api/icons/v2/hotel_pinlet,Sheraton Fairplex Hotel & Conference Center,,"[{'height': 320, 'html_attributions': ['<a href=""https://maps.google.com/maps/contrib/102311314482103784796"">Sheraton Fairplex Hotel &amp; Conference Center</a>'], 'photo_reference': 'AWU5eFhzFqqqRHEGp5dVrJE9XRO7QuE6rKGdWZgDGdxiK1XjOTKN3cO1QK5R04Mwbo91IU43p8ixq7n4KA-R6UsCMCbGVr7cWAoEknCBqwpGUI1E12DhET_TL38S3NNnx5NirgYD8vVDYtcHwXorZ6NIUV11ZaETan2L0oBVoh_nUSDH0C8w', 'width': 480}]",ChIJ89KgmGwuw4AReXKODoNnX5Y,"{'compound_code': '36HP+VW Pomona, CA, USA', 'global_code': '856436HP+VW'}",4.4,ChIJ89KgmGwuw4AReXKODoNnX5Y,GOOGLE,"['lodging', 'point_of_interest', 'establishment']",1866.0,"601 West McKinley Avenue, Pomona",
OPERATIONAL,"{'location': {'lat': 34.064912, 'lng': -117.612432}, 'viewport': {'northeast': {'lat': 34.0662427302915, 'lng': -117.6110726197085}, 'southwest': {'lat': 34.0635447697085, 'lng': -117.6137705802915}}}",https://maps.gstatic.com/mapfiles/place_api/icons/v1/png_71/lodging-71.png,#909CE1,https://maps.gstatic.com/mapfiles/place_api/icons/v2/hotel_pinlet,Best Western Plus Ontario Airport & Convention Center,,"[{'height': 1969, 'html_attributions': ['<a href=""https://maps.google.com/maps/contrib/118068139935758389918"">Best Western Plus Ontario Airport &amp; Convention Center</a>'], 'photo_reference': 'AWU5eFiHIDaalQZ4eUOqzOiqOdyDFw24JCvlRHaTYVkaeTDj0DiSCZ674Rhy4neXXuit3qwDmFNpzrCbFNK68ZRXyoRKbKb206c1uUIsyi_itrv8ta0genqyamdH8-0Inz7RBMKAncqxnBBgvCdIy9F15GUVf8ApMjH9I9iGQmo8ksyno3Tj', 'width': 3500}]",ChIJ0QCww1s0w4ARDq52_JdEjLg,"{'compound_code': '397Q+X2 Ontario, CA, USA', 'global_code': '8564397Q+X2'}",4.3,ChIJ0QCww1s0w4ARDq52_JdEjLg,GOOGLE,"['lodging', 'point_of_interest', 'establishment']",1139.0,"209 North Vineyard Avenue, Ontario",
OPERATIONAL,"{'location': {'lat': 34.0315913, 'lng': -117.6907302}, 'viewport': {'northeast': {'lat': 34.03290393029149, 'lng': -117.6896695697085}, 'southwest': {'lat': 34.0302059697085, 'lng': -117.6923675302915}}}",https://maps.gstatic.com/mapfiles/place_api/icons/v1/png_71/lodging-71.png,#909CE1,https://maps.gstatic.com/mapfiles/place_api/icons/v2/hotel_pinlet,"Motel 6 Chino, CA - Los Angeles Area",{'open_now': True},"[{'height': 1920, 'html_attributions': ['<a href=""https://maps.google.com/maps/contrib/116891594873537275956"">Motel 6 Chino, CA - Los Angeles Area</a>'], 'photo_reference': 'AWU5eFiERuyY3w3TyLGVc59KX9G6Kd0ZNCjFRvlCclhqcgKW-4yQzKZ6kAS2R1k2DLuyT9F_Tf0U1TUnhDMnI0tguYAQ3Si63xHjufFg7fxCe5dflviAcjW7lN2u3s_K3jq1Epx2x9BReC3s2yigyyYpVFxLhhvdOnVHVjCrd-SLqWyISUGB', 'width': 2880}]",ChIJORcmZf0yw4ARe86zcKczRQc,"{'compound_code': '28J5+JP Chino, CA, USA', 'global_code': '856428J5+JP'}",3.3,ChIJORcmZf0yw4ARe86zcKczRQc,GOOGLE,"['lodging', 'point_of_interest', 'establishment']",1139.0,"12266 Central Avenue, Chino",
OPERATIONAL,"{'location': {'lat': 34.0316667, 'lng': -117.6277778}, 'viewport': {'northeast': {'lat': 34.0330498302915, 'lng': -117.6262802697085}, 'southwest': {'lat': 34.0303518697085, 'lng': -117.6289782302915}}}",https://maps.gstatic.com/mapfiles/place_api/icons/v1/png_71/lodging-71.png,#909CE1,https://maps.gstatic.com/mapfiles/place_api/icons/v2/hotel_pinlet,Country Inn,{'open_now': True},"[{'height': 3072, 'html_attributions': ['<a href=""https://maps.google.com/maps/contrib/112814800121602099394"">Kenneth Wallen</a>'], 'photo_reference': 'AWU5eFgtX1spW_hcloKXB2rwcHTk0g0wjv_dS-a9bFict2Zk3smsDS-zS6AMOqgUI8Hv02_0P9AJrTWUgkb3YiR2gMBZpCEJ86SnonG2yFbTs2R24ltqCxOhw9eggQsJ8zDmBKYxJxo4VUlU6xfJpfJnTOkOq1GM-cchXZKLuU-BdQYZL4jj', 'width': 4096}]",ChIJS_VGT7w0w4ARcX_6SR1kI4w,"{'compound_code': '29JC+MV Ontario, CA, USA', 'global_code': '856429JC+MV'}",3.5,ChIJS_VGT7w0w4ARcX_6SR1kI4w,GOOGLE,"['lodging', 'point_of_interest', 'establishment']",484.0,"2359 South Grove Avenue, Ontario",
OPERATIONAL,"{'location': {'lat': 34.06408400000001, 'lng': -117.612916}, 'viewport': {'northeast': {'lat': 34.0652888302915, 'lng': -117.6115256697085}, 'southwest': {'lat': 34.0625908697085, 'lng': -117.6142236302915}}}",https://maps.gstatic.com/mapfiles/place_api/icons/v1/png_71/lodging-71.png,#909CE1,https://maps.gstatic.com/mapfiles/place_api/icons/v2/hotel_pinlet,Comfort Suites Ontario Airport Convention Center,,"[{'height': 1922, 'html_attributions': ['<a href=""https://maps.google.com/maps/contrib/114760213480030071742"">Comfort Suites Ontario Airport Convention Center</a>'], 'photo_reference': 'AWU5eFjG--VCdLIULVLcitbilKWH_ub5caGK2hCGqPEnD5Y27jnoL3MUHFnrAWchRfuXm9Z35Be3m413s29L_QG6T_VIrvD0Zf0B6t4wgNCdU2Do6z7pnLqv9s-khVUGiXxp3rBku9h8xixABngmzf_aLqK0C1SQqqfmhVsOSuJqXSX7x0D7', 'width': 2880}]",ChIJ84e0q140w4AROespechT8Vg,"{'compound_code': '397P+JR Ontario, CA, USA', 'global_code': '8564397P+JR'}",4.2,ChIJ84e0q140w4AROespechT8Vg,GOOGLE,"['lodging', 'point_of_interest', 'establishment']",780.0,"1811 East Holt Boulevard, Ontario",
OPERATIONAL,"{'location': {'lat': 33.976415, 'lng': -117.6955492}, 'viewport': {'northeast': {'lat': 33.9780947302915, 'lng': -117.69349325}, 'southwest': {'lat': 33.9753967697085, 'lng': -117.69822985}}}",https://maps.gstatic.com/mapfiles/place_api/icons/v1/png_71/worship_hindu-71.png,#7B9EB0,https://maps.gstatic.com/mapfiles/place_api/icons/v2/worship_hindu_pinlet,"BAPS Shri Swaminarayan Mandir, Chino Hills",{'open_now': True},"[{'height': 1153, 'html_attributions': ['<a href=""https://maps.google.com/maps/contrib/108973910387642386155"">BAPS Shri Swaminarayan Mandir, Chino Hills</a>'], 'photo_reference': 'AWU5eFg_ZPHHw5C7oTCZGnF2SjD-0J8HzdKImyfebVPrlZqakiW6xEKsjGK5z19PU1UPv96qmGlrb2T91kN-E5NEE5W2Mljgk28pkfPtBbvnvHxog39mie22uzVBKbHy4yQDiv8UuHESecblSH6vAi1PQxqEYhQRgmUnhQmqj31EdP1CiAfb', 'width': 2048}]",ChIJE8IF_yHN3IARaEQ5vCdOgwA,"{'compound_code': 'X8G3+HQ Chino Hills, CA, USA', 'global_code': '8554X8G3+HQ'}",4.8,ChIJE8IF_yHN3IARaEQ5vCdOgwA,GOOGLE,"['hindu_temple', 'place_of_worship', 'point_of_interest', 'establishment']",4352.0,"15100 Fairfield Ranch Road, Chino Hills",
OPERATIONAL,"{'location': {'lat': 34.0579319, 'lng': -117.7457873}, 'viewport': {'northeast': {'lat': 34.06000795, 'lng': -117.74130525}, 'southwest': {'lat': 34.05481175000001, 'lng': -117.75017625}}}",https://maps.gstatic.com/mapfiles/place_api/icons/v1/png_71/school-71.png,#7B9EB0,https://maps.gstatic.com/mapfiles/place_api/icons/v2/school_pinlet,Western University of Health Sciences,{'open_now': True},"[{'height': 1366, 'html_attributions': ['<a href=""https://maps.google.com/maps/contrib/100440629527316885249"">Western University of Health Sciences</a>'], 'photo_reference': 'AWU5eFhcLJoIhbykzR9CxjfyQ_hOq5BARMiuUYZuTdV-LFILsGZ7RLFztRDP8eXiq8vAOeiSJq5FHyDTbkqqJM6DtCjNcAXKJgCZ_gukwM75zHdPSWPYsp5vFqTXHmVCbDPlZ1SKeezQpelL0IT2kkZA7CNAVwd8vf_DqGvr5l8do3bji5T4', 'width': 2048}]",ChIJuaCsdPotw4ARjQtjRTgUAYg,"{'compound_code': '3753+5M Pomona, CA, USA', 'global_code': '85643753+5M'}",4.5,ChIJuaCsdPotw4ARjQtjRTgUAYg,GOOGLE,"['university', 'health', 'point_of_interest', 'establishment']",211.0,"309 East 2nd Street, Pomona",
OPERATIONAL,"{'location': {'lat': 34.08271419999999, 'lng': -117.7182124}, 'viewport': {'northeast': {'lat': 34.0840773302915, 'lng': -117.7169204697085}, 'southwest': {'lat': 34.0813793697085, 'lng': -117.7196184302915}}}",https://maps.gstatic.com/mapfiles/place_api/icons/v1/png_71/lodging-71.png,#909CE1,https://maps.gstatic.com/mapfiles/place_api/icons/v2/hotel_pinlet,Claremont Lodge,{'open_now': True},"[{'height': 3024, 'html_attributions': ['<a href=""https://maps.google.com/maps/contrib/108693951635072780100"">Claremont Lodge</a>'], 'photo_reference': 'AWU5eFi28kG3M7BosEoROsRaXkKCPubsSNqSfFDRBgRojO1A4I-iwoVfKaHyCf3dlAAdF8fIIkMUU968lNdAEvu_4SsUMMtI5u_0K7irdSOWF8wDCnoqunVFIwGltq7Fxu5UJG-LBjMnGGKchJN88Hpn1dtLVWmNKUoySnmQ1l4rx-K_c6eL', 'width': 4032}]",ChIJ-8jKJPIxw4ARPFKijsKkUgM,"{'compound_code': '37MJ+3P Claremont, CA, USA', 'global_code': '856437MJ+3P'}",3.9,ChIJ-8jKJPIxw4ARPFKijsKkUgM,GOOGLE,"['lodging', 'point_of_interest', 'establishment']",357.0,"736 South Indian Hill Boulevard, Claremont",
OPERATIONAL,"{'location': {'lat': 33.9955043, 'lng': -117.7200268}, 'viewport': {'northeast': {'lat': 33.9968588302915, 'lng': -117.7170598}, 'southwest': {'lat': 33.9941608697085, 'lng': -117.7210158}}}",https://maps.gstatic.com/mapfiles/place_api/icons/v1/png_71/shopping-71.png,#4B96F3,https://maps.gstatic.com/mapfiles/place_api/icons/v2/shopping_pinlet,Walmart Supercenter,{'open_now': True},"[{'height': 600, 'html_attributions': ['<a href=""https://maps.google.com/maps/contrib/106268164835391836465"">Walmart Supercenter</a>'], 'photo_reference': 'AWU5eFh6dqvFMm61HBb6tMo4xfbSGS_y4G9XXgGToPmIVIPbz1jIgCiciSzuJZtJLqRevEpekYqw6ga5eNnMLSr9Y5qdK9mu9LWLGkLhDo3KoMRaiBb8DUW2s01KWWhFzV16ZtiHBmhAPnR5lRFpcxtmyfYmqZcrvA4nFLa2rL4V9FWh7aHI', 'width': 1067}]",ChIJWei7ErQyw4ARgOqj1RrwaCY,"{'compound_code': 'X7WH+6X Chino, CA, USA', 'global_code': '8554X7WH+6X'}",4.0,ChIJWei7ErQyw4ARgOqj1RrwaCY,GOOGLE,"['department_store', 'hardware_store', 'bakery', 'clothing_store', 'electronics_store', 'grocery_or_supermarket', 'furniture_store', 'home_goods_store', 'store', 'food', 'point_of_interest', 'establishment']",4948.0,"3943 Grand Avenue, Chino",1.0
OPERATIONAL,"{'location': {'lat': 34.062663, 'lng': -117.6885581}, 'viewport': {'northeast': {'lat': 34.0641128802915, 'lng': -117.6867968697085}, 'southwest': {'lat': 34.0614149197085, 'lng': -117.6894948302915}}}",https://maps.gstatic.com/mapfiles/place_api/icons/v1/png_71/lodging-71.png,#909CE1,https://maps.gstatic.com/mapfiles/place_api/icons/v2/hotel_pinlet,Ontario Inn & Suites,,"[{'height': 2448, 'html_attributions': ['<a href=""https://maps.google.com/maps/contrib/100971105976003153078"">Jorge Pena</a>'], 'photo_reference': 'AWU5eFj9QV3jLySzimAaEqcq5WZYrKjixOfRIeXoxbtn3HwNLW1Vo84EGB9WpEIXKUpU8gORJw0RlwbOquEjGr1bX0QCJUZ2omiglYW0wi7c6BoTlTsKLxYhl5nWGzh2ILrU98fys3_LoJWx4ZwMiOwSZtSaMTg_ciglfEgasaVdxDM3CZRT', 'width': 3264}]",ChIJR62Z7cozw4ARW-mx5cNHYT8,"{'compound_code': '3876+3H Montclair, CA, USA', 'global_code': '85643876+3H'}",3.9,ChIJR62Z7cozw4ARW-mx5cNHYT8,GOOGLE,"['lodging', 'point_of_interest', 'establishment']",430.0,"5361 Holt Boulevard, Montclair",
OPERATIONAL,"{'location': {'lat': 34.0292326, 'lng': -117.5920939}, 'viewport': {'northeast': {'lat': 34.0306336302915, 'lng': -117.5911741197085}, 'southwest': {'lat': 34.0279356697085, 'lng': -117.5938720802915}}}",https://maps.gstatic.com/mapfiles/place_api/icons/v1/png_71/lodging-71.png,#909CE1,https://maps.gstatic.com/mapfiles/place_api/icons/v2/hotel_pinlet,Hotel Hacienda at Ontario Ranch,{'open_now': True},"[{'height': 3985, 'html_attributions': ['<a href=""https://maps.google.com/maps/contrib/115642654121748467144"">Hotel Hacienda at Ontario Ranch (Americas Best Value Inn)</a>'], 'photo_reference': 'AWU5eFjzif1Xpt1Bj0spStbdOrghZIqp3MQkNm3YExDb_2rw5dI4zUuTskA1v31bbYVDJ6FReF7edOLZbAdlK93vdiQv-JL3t2XImnoxWoPEFSjqN9nZFCfx0cyJ6QIdg9fZehsKrHr8qdy6jpH1lsJMRVVgDc9BU-Y7GFT-E47EK3c774Y', 'width': 5977}]",ChIJA-mZDSk1w4AR2iwc1XVS42Y,,3.8,ChIJA-mZDSk1w4AR2iwc1XVS42Y,GOOGLE,"['lodging', 'point_of_interest', 'establishment']",543.0,"2425 South Archibald Avenue, Ontario",
OPERATIONAL,"{'location': {'lat': 34.05676259999999, 'lng': -117.7503999}, 'viewport': {'northeast': {'lat': 34.0581894802915, 'lng': -117.7490518197085}, 'southwest': {'lat': 34.0554915197085, 'lng': -117.7517497802915}}}",https://maps.gstatic.com/mapfiles/place_api/icons/v1/png_71/generic_business-71.png,#13B5C7,https://maps.gstatic.com/mapfiles/place_api/icons/v2/generic_pinlet,The Fox Theater Pomona,{'open_now': True},"[{'height': 2359, 'html_attributions': ['<a href=""https://maps.google.com/maps/contrib/116984172748270581054"">M planetmike</a>'], 'photo_reference': 'AWU5eFjhLMc6ecx7WJnJooFpIrbHO-i4bW7KMzFDhjSzjt6SvbINhUsOfgyuC_aF4-M0IOcekOx6vq-RvfWG-ljw6aOE4qopIyojM0xhFaO3u9q0OJpWyljFfFWvDN4RaID-ZeqkwqIbYXS0zwycM4icq2DvxGnI_nvHcS5RMU9gkr8E8d4p', 'width': 3145}]",ChIJWz-8XeUtw4ARqdcpkaW4Ufc,"{'compound_code': '364X+PR Pomona, CA, USA', 'global_code': '8564364X+PR'}",4.4,ChIJWz-8XeUtw4ARqdcpkaW4Ufc,GOOGLE,"['point_of_interest', 'establishment']",967.0,"301 South Garey Avenue, Pomona",
OPERATIONAL,"{'location': {'lat': 34.0126907, 'lng': -117.7385437}, 'viewport': {'northeast': {'lat': 34.0139118802915, 'lng': -117.7371469697085}, 'southwest': {'lat': 34.0112139197085, 'lng': -117.7398449302915}}}",https://maps.gstatic.com/mapfiles/place_api/icons/v1/png_71/movies-71.png,#13B5C7,https://maps.gstatic.com/mapfiles/place_api/icons/v2/movie_pinlet,Harkins Theatres Chino Hills 18,{'open_now': True},"[{'height': 912, 'html_attributions': ['<a href=""https://maps.google.com/maps/contrib/104845700864428375297"">Harkins Theatres Chino Hills 18</a>'], 'photo_reference': 'AWU5eFib96izQqGC54p7kigvUEfiWZ3cNcy2j8DNp1uxZcfK4sN4QG2uk6sLp3wxsNenB7WfnO7SN05zZm8KHc7pMEOD63Lp5Xm1VRX31-XFEdpvbYiPWPEhTBRDNWBfKhJll430Mxq6s8gUXDwBIATGQdZHs104KFgd8ZJs-amKggzUGeUR', 'width': 1239}]",ChIJlTccu2Etw4ARCkuEh6ABBVI,"{'compound_code': '2776+3H Chino Hills, CA, USA', 'global_code': '85642776+3H'}",4.6,ChIJlTccu2Etw4ARCkuEh6ABBVI,GOOGLE,"['movie_theater', 'point_of_interest', 'establishment']",2881.0,"Crossroads Entertainment Center, 3070 Chino Avenue, Chino Hills",
OPERATIONAL,"{'location': {'lat': 33.9945799, 'lng': -117.7315209}, 'viewport': {'northeast': {'lat': 33.99592028029149, 'lng': -117.7303397697085}, 'southwest': {'lat': 33.99322231970849, 'lng': -117.7330377302915}}}",https://maps.gstatic.com/mapfiles/place_api/icons/v1/png_71/school-71.png,#7B9EB0,https://maps.gstatic.com/mapfiles/place_api/icons/v2/school_pinlet,Ruben S. Ayala High School,{'open_now': True},"[{'height': 3006, 'html_attributions': ['<a href=""https://maps.google.com/maps/contrib/107039973229879315375"">Curtis Taylor</a>'], 'photo_reference': 'AWU5eFgEaj7ZPnfY8TANmTOjXFFEr93CXsmk9u0pMeLDIQs8rS4JupZs9c5WXQ9t8TJwJaeSgN9Bo4JYEOhXgqx2938bWDLOuRaUF8Z9Bx13iwkMI5gmHyMg1l44Cv-4z5hhIRq3Y7SIwb3u7EnSW3Bo9JtFAuApOHBRCbRCRWMatTtVh5Fr', 'width': 5344}]",ChIJO4QQAqwyw4ARdtF56YkP0Sk,"{'compound_code': 'X7V9+R9 Chino Hills, CA, USA', 'global_code': '8554X7V9+R9'}",3.3,ChIJO4QQAqwyw4ARdtF56YkP0Sk,GOOGLE,"['secondary_school', 'school', 'point_of_interest', 'establishment']",43.0,"14255 Peyton Drive, Chino Hills",
OPERATIONAL,"{'location': {'lat': 34.0947864, 'lng': -117.7203878}, 'viewport': {'northeast': {'lat': 34.0960503802915, 'lng': -117.7190269197085}, 'southwest': {'lat': 34.0933524197085, 'lng': -117.7217248802915}}}",https://maps.gstatic.com/mapfiles/place_api/icons/v1/png_71/lodging-71.png,#909CE1,https://maps.gstatic.com/mapfiles/place_api/icons/v2/hotel_pinlet,Hotel Casa 425 + Lounge,,"[{'height': 576, 'html_attributions': ['<a href=""https://maps.google.com/maps/contrib/108018398584216633771"">Hotel Casa 425 + Lounge</a>'], 'photo_reference': 'AWU5eFi9-eH8rTb5Nw6t96HSmcGuogsmflZmv9b47PHBI2-8rT7No5y1bqhCxQSTcgsoIVj5Nf78jvW1h8rwMOBeE9wAQS3tkUuEx9YZiarrVq6D-cKtkmvFjFywLOfM0312n9XJjhM6OvNeAQewuOyLcgF1Xm364TeHIDTVaPm75KwQ6ecY', 'width': 1024}]",ChIJvY78AMIxw4ARw4mzsqbC75I,"{'compound_code': '37VH+WR Claremont, CA, USA', 'global_code': '856437VH+WR'}",4.4,ChIJvY78AMIxw4ARw4mzsqbC75I,GOOGLE,"['lodging', 'point_of_interest', 'establishment']",391.0,"425 West 1st Street, Claremont",
,"{'location': {'lat': 34.055103, 'lng': -117.7499909}, 'viewport': {'northeast': {'lat': 34.11293591367842, 'lng': -117.7110670161538}, 'southwest': {'lat': 34.01851199186065, 'lng': -117.8288169770442}}}",https://maps.gstatic.com/mapfiles/place_api/icons/v1/png_71/geocode-71.png,#7B9EB0,https://maps.gstatic.com/mapfiles/place_api/icons/v2/generic_pinlet,Pomona,,"[{'height': 3680, 'html_attributions': ['<a href=""https://maps.google.com/maps/contrib/111711291147174180630"">Lek Su</a>'], 'photo_reference': 'AWU5eFjft3y44M5LF9KCMni_2Bb4WTqsS68_4FWFrNF-OSyzGtg5eUPefxx0AHIXcprv1sTJF2UDrmu9r1zlKxVRHAInv1vkYc9pyKCt9GHwz5WQiDw20xMecwhoojUvahwhytPBBQhjZ4R4t-bkRvtuE3TOTLNJWLL4ms-6Da4Fe0t08hEI', 'width': 7344}]",ChIJIaGfee8tw4ARM6nKAHCUCVI,,,ChIJIaGfee8tw4ARM6nKAHCUCVI,GOOGLE,"['locality', 'political']",,Pomona,
,"{'location': {'lat': 34.0633443, 'lng': -117.6508876}, 'viewport': {'northeast': {'lat': 34.09281006786069, 'lng': -117.5242779262211}, 'southwest': {'lat': 33.97521291631926, 'lng': -117.6835879754254}}}",https://maps.gstatic.com/mapfiles/place_api/icons/v1/png_71/geocode-71.png,#7B9EB0,https://maps.gstatic.com/mapfiles/place_api/icons/v2/generic_pinlet,Ontario,,"[{'height': 3024, 'html_attributions': ['<a href=""https://maps.google.com/maps/contrib/106723209581886213614"">David Sharp</a>'], 'photo_reference': 'AWU5eFjhYWXjcrenb88Z4heXJl3im5jQd1kUoNzuEpCINWDktys6zcicgkvbA2JKbz_COnZT1LUHuVyhOjPZy7eHHZLQbCUuzNL_yQ86qWey92iFXqNcEvno-5Xn-gaEx_Lew_nH6zZxXTYJnguH5TJJondDFvmugvYZ-polkhwdMG7H5K2z', 'width': 4032}]",ChIJe2Ld6ts0w4ARkDFY-VrjAwc,,,ChIJe2Ld6ts0w4ARkDFY-VrjAwc,GOOGLE,"['locality', 'political']",,Ontario,
OPERATIONAL,"{'location': {'lat': 34.01240669999999, 'lng': -117.7368334}, 'viewport': {'northeast': {'lat': 34.01366048029149, 'lng': -117.7354439197085}, 'southwest': {'lat': 34.0109625197085, 'lng': -117.7381418802915}}}",https://maps.gstatic.com/mapfiles/place_api/icons/v1/png_71/lodging-71.png,#909CE1,https://maps.gstatic.com/mapfiles/place_api/icons/v2/hotel_pinlet,Hampton Inn & Suites Chino Hills,,"[{'height': 303, 'html_attributions': ['<a href=""https://maps.google.com/maps/contrib/102873066829440580477"">Hampton Inn &amp; Suites Chino Hills</a>'], 'photo_reference': 'AWU5eFihFQK0mr4FccpVSThylkbXQ3gq_gbuOw0ytLnsIPef7mU76jeYzXJeanFvK8YGYyDirso8L79KwVyoBxzxGvODrvpb_wpabi520M9uCNXflZoFkw3hCHb4evg1d3vhSrO4iJveFYEcbbfJpXscR4xRnZOZhIMsHyXFAYChHfngB5H7', 'width': 425}]",ChIJ35smGp4yw4ARog8QkvzAzPk,"{'compound_code': '2767+X7 Chino Hills, CA, USA', 'global_code': '85642767+X7'}",4.2,ChIJ35smGp4yw4ARog8QkvzAzPk,GOOGLE,"['lodging', 'point_of_interest', 'establishment']",490.0,"3150 Chino Avenue, Chino Hills",
OPERATIONAL,"{'location': {'lat': 33.9702165, 'lng': -117.6904625}, 'viewport': {'northeast': {'lat': 33.9715372802915, 'lng': -117.6892374697085}, 'southwest': {'lat': 33.96883931970851, 'lng': -117.6919354302915}}}",https://maps.gstatic.com/mapfiles/place_api/icons/v1/png_71/lodging-71.png,#909CE1,https://maps.gstatic.com/mapfiles/place_api/icons/v2/hotel_pinlet,Hotel Chino Hills,{'open_now': True},"[{'height': 720, 'html_attributions': ['<a href=""https://maps.google.com/maps/contrib/100420061491261244797"">Hotel Chino Hills</a>'], 'photo_reference': 'AWU5eFgPSA6gseM16AOocShdwTkdi9ee_75hzqgkfxk9U-VBXrcJgnm72YfJNuuwQOWufYCpbhv70sIvDNz4ofSinSEvvzL1cqAS3oW-FwfH8544TkRJg_GZJLEaqN3Kq7tlwPIy7oarJF5Wp8yXv_mC_iOxTSyN47Avq6hqLr6x9N3fsq2b', 'width': 1280}]",ChIJ2cVSWuLM3IARgPUEeoVUuJM,"{'compound_code': 'X8C5+3R Chino Hills, CA, USA', 'global_code': '8554X8C5+3R'}",3.5,ChIJ2cVSWuLM3IARgPUEeoVUuJM,GOOGLE,"['lodging', 'point_of_interest', 'establishment']",701.0,"15433 Fairfield Ranch Road, Chino Hills",
OPERATIONAL,"{'location': {'lat': 34.066497, 'lng': -117.609928}, 'viewport': {'northeast': {'lat': 34.06808320000002, 'lng': -117.6078144}, 'southwest': {'lat': 34.06426799999998, 'lng': -117.6120484}}}",https://maps.gstatic.com/mapfiles/place_api/icons/v1/png_71/lodging-71.png,#909CE1,https://maps.gstatic.com/mapfiles/place_api/icons/v2/hotel_pinlet,DoubleTree by Hilton Hotel Ontario Airport,,"[{'height': 380, 'html_attributions': ['<a href=""https://maps.google.com/maps/contrib/108884373029099289720"">DoubleTree by Hilton Hotel Ontario Airport</a>'], 'photo_reference': 'AWU5eFjPFM7mFwduIS4WZFjU_A3G4ODWKIlMRAGq6kqf-aaUBC1gCNc2xCG6JeqwaQ0BCTYRiUq-WktRp6vC-8x-nEc_YkmoVAzRgMUz7ieJHr0GSkU28zKIexkKiuovJb1raNIQmLik0F2Uf5z5wwR5Xm6wC6eGT4dh-1eXQ_34f4IQS479', 'width': 677}]",ChIJ_3xWE1o0w4ARNg29tIPPFvY,"{'compound_code': '398R+H2 Ontario, CA, USA', 'global_code': '8564398R+H2'}",4.2,ChIJ_3xWE1o0w4ARNg29tIPPFvY,GOOGLE,"['lodging', 'point_of_interest', 'establishment']",3720.0,"222 North Vineyard Avenue, Ontario",
OPERATIONAL,"{'location': {'lat': 34.0796298, 'lng': -117.7627178}, 'viewport': {'northeast': {'lat': 34.0808413802915, 'lng': -117.7612397697085}, 'southwest': {'lat': 34.0781434197085, 'lng': -117.7639377302915}}}",https://maps.gstatic.com/mapfiles/place_api/icons/v1/png_71/lodging-71.png,#909CE1,https://maps.gstatic.com/mapfiles/place_api/icons/v2/hotel_pinlet,Sheraton Fairplex Hotel & Conference Center,,"[{'height': 320, 'html_attributions': ['<a href=""https://maps.google.com/maps/contrib/102311314482103784796"">Sheraton Fairplex Hotel &amp; Conference Center</a>'], 'photo_reference': 'AWU5eFg-OlCryK8sqGmv_2fI7YMHNf_sODtNxI52xi8kovZpo2QZXIh24XCkvrVGletUybaIQPRezoWwS1jfOlJApIkZAaAV2n7QQ5cQoKWzyDnZDNnjnmOwiTckxa4xAKYefYL1-zCxcUN7pDyIq_3S_JrOIs24GyafmXFoQl5Ygh8HjdiS', 'width': 480}]",ChIJ89KgmGwuw4AReXKODoNnX5Y,"{'compound_code': '36HP+VW Pomona, CA, USA', 'global_code': '856436HP+VW'}",4.4,ChIJ89KgmGwuw4AReXKODoNnX5Y,GOOGLE,"['lodging', 'point_of_interest', 'establishment']",1866.0,"601 West McKinley Avenue, Pomona",
OPERATIONAL,"{'location': {'lat': 34.064912, 'lng': -117.612432}, 'viewport': {'northeast': {'lat': 34.0662427302915, 'lng': -117.6110726197085}, 'southwest': {'lat': 34.0635447697085, 'lng': -117.6137705802915}}}",https://maps.gstatic.com/mapfiles/place_api/icons/v1/png_71/lodging-71.png,#909CE1,https://maps.gstatic.com/mapfiles/place_api/icons/v2/hotel_pinlet,Best Western Plus Ontario Airport & Convention Center,,"[{'height': 1969, 'html_attributions': ['<a href=""https://maps.google.com/maps/contrib/118068139935758389918"">Best Western Plus Ontario Airport &amp; Convention Center</a>'], 'photo_reference': 'AWU5eFiW2PSIbMo6gPc7S4nFziHCRcbTnsUtfId6Lw8pzQ7GbFdsZ5x1-w9Qhb0qdgT46g8ZoDjd7kYVtSUH3QX2FXaBvsfakqdgNww1IrmI8fFbRGYB2-StZkW9CNosgW6VS_ZZmTCAcWsVcDziU5cAuBPC6pXLXU1WlHbADYEcss8xR8f1', 'width': 3500}]",ChIJ0QCww1s0w4ARDq52_JdEjLg,"{'compound_code': '397Q+X2 Ontario, CA, USA', 'global_code': '8564397Q+X2'}",4.3,ChIJ0QCww1s0w4ARDq52_JdEjLg,GOOGLE,"['lodging', 'point_of_interest', 'establishment']",1139.0,"209 North Vineyard Avenue, Ontario",
OPERATIONAL,"{'location': {'lat': 34.0315913, 'lng': -117.6907302}, 'viewport': {'northeast': {'lat': 34.03290393029149, 'lng': -117.6896695697085}, 'southwest': {'lat': 34.0302059697085, 'lng': -117.6923675302915}}}",https://maps.gstatic.com/mapfiles/place_api/icons/v1/png_71/lodging-71.png,#909CE1,https://maps.gstatic.com/mapfiles/place_api/icons/v2/hotel_pinlet,"Motel 6 Chino, CA - Los Angeles Area",{'open_now': True},"[{'height': 1920, 'html_attributions': ['<a href=""https://maps.google.com/maps/contrib/116891594873537275956"">Motel 6 Chino, CA - Los Angeles Area</a>'], 'photo_reference': 'AWU5eFjE4hKsBnGFsVwJG_YyrFt3myMn26k9xncpsUy5gOFg66CmtabtiLJfomIhmCTNC7XI6SbN5AvBkkolWzJ8Ja8j7v8BkYRiKXQ4Lf1e4HQEmkQu_zz72Ywg0U1phrJu54bWTmLLjjsC0cNnfdf6gE-L103v-kR4DU4X8A_o2sgFcfQc', 'width': 2880}]",ChIJORcmZf0yw4ARe86zcKczRQc,"{'compound_code': '28J5+JP Chino, CA, USA', 'global_code': '856428J5+JP'}",3.3,ChIJORcmZf0yw4ARe86zcKczRQc,GOOGLE,"['lodging', 'point_of_interest', 'establishment']",1139.0,"12266 Central Avenue, Chino",
OPERATIONAL,"{'location': {'lat': 34.0316667, 'lng': -117.6277778}, 'viewport': {'northeast': {'lat': 34.0330498302915, 'lng': -117.6262802697085}, 'southwest': {'lat': 34.0303518697085, 'lng': -117.6289782302915}}}",https://maps.gstatic.com/mapfiles/place_api/icons/v1/png_71/lodging-71.png,#909CE1,https://maps.gstatic.com/mapfiles/place_api/icons/v2/hotel_pinlet,Country Inn,{'open_now': True},"[{'height': 3072, 'html_attributions': ['<a href=""https://maps.google.com/maps/contrib/112814800121602099394"">Kenneth Wallen</a>'], 'photo_reference': 'AWU5eFiux4AvloKu4fsZrM44kk4C7SkCosKtFwT8DVNJBdO683cDsjmBX12BHa8heQtSuLGlDbeTQMgUBb7f3I7IDSQ9o6LI5E-_VveyY_xp0bgQX7I-eFH1Rb_SB-rCLVh5D1WStezoMirveaHuaKP6ktSGN33n0UgTtqYc09PWGcm7hTlX', 'width': 4096}]",ChIJS_VGT7w0w4ARcX_6SR1kI4w,"{'compound_code': '29JC+MV Ontario, CA, USA', 'global_code': '856429JC+MV'}",3.5,ChIJS_VGT7w0w4ARcX_6SR1kI4w,GOOGLE,"['lodging', 'point_of_interest', 'establishment']",484.0,"2359 South Grove Avenue, Ontario",
OPERATIONAL,"{'location': {'lat': 34.06408400000001, 'lng': -117.612916}, 'viewport': {'northeast': {'lat': 34.0652888302915, 'lng': -117.6115256697085}, 'southwest': {'lat': 34.0625908697085, 'lng': -117.6142236302915}}}",https://maps.gstatic.com/mapfiles/place_api/icons/v1/png_71/lodging-71.png,#909CE1,https://maps.gstatic.com/mapfiles/place_api/icons/v2/hotel_pinlet,Comfort Suites Ontario Airport Convention Center,,"[{'height': 1922, 'html_attributions': ['<a href=""https://maps.google.com/maps/contrib/114760213480030071742"">Comfort Suites Ontario Airport Convention Center</a>'], 'photo_reference': 'AWU5eFgJPHdBs2xvf2ifYmb73UFoyKWRQnX6pKftjTVS9dOzWko8qmyTqTjy37BlF9rHEoTcqRO5VwB6FQkLv3wd6LApjwGU4_zpfdO_K22HhlVhye-8bSkPPm6XbszoqA89n7kJmNgtiYPLeheJxia7FMaOSREzcfDsgMZi-Oe-NLT7ive5', 'width': 2880}]",ChIJ84e0q140w4AROespechT8Vg,"{'compound_code': '397P+JR Ontario, CA, USA', 'global_code': '8564397P+JR'}",4.2,ChIJ84e0q140w4AROespechT8Vg,GOOGLE,"['lodging', 'point_of_interest', 'establishment']",780.0,"1811 East Holt Boulevard, Ontario",
OPERATIONAL,"{'location': {'lat': 33.976415, 'lng': -117.6955492}, 'viewport': {'northeast': {'lat': 33.9780947302915, 'lng': -117.69349325}, 'southwest': {'lat': 33.9753967697085, 'lng': -117.69822985}}}",https://maps.gstatic.com/mapfiles/place_api/icons/v1/png_71/worship_hindu-71.png,#7B9EB0,https://maps.gstatic.com/mapfiles/place_api/icons/v2/worship_hindu_pinlet,"BAPS Shri Swaminarayan Mandir, Chino Hills",{'open_now': True},"[{'height': 1153, 'html_attributions': ['<a href=""https://maps.google.com/maps/contrib/108973910387642386155"">BAPS Shri Swaminarayan Mandir, Chino Hills</a>'], 'photo_reference': 'AWU5eFjtS4lGZ9JDeQrIPlfMAmIWDUiYfcG5SxHXfuiGfnyhniY_Igz6FY2QtYaOdWVPZcgGC-0Xbqkj7Ynq0TLOfd0v_YQmJ7HQB5nEf5ulCGIWLl-CwfPqP1jeWp-wNhOY2LR4b_kJsv5vZV5XWGpxoooVQ23G41ndKkgkDSWYGUGD7gNq', 'width': 2048}]",ChIJE8IF_yHN3IARaEQ5vCdOgwA,"{'compound_code': 'X8G3+HQ Chino Hills, CA, USA', 'global_code': '8554X8G3+HQ'}",4.8,ChIJE8IF_yHN3IARaEQ5vCdOgwA,GOOGLE,"['hindu_temple', 'place_of_worship', 'point_of_interest', 'establishment']",4352.0,"15100 Fairfield Ranch Road, Chino Hills",
OPERATIONAL,"{'location': {'lat': 34.0579319, 'lng': -117.7457873}, 'viewport': {'northeast': {'lat': 34.06000795, 'lng': -117.74130525}, 'southwest': {'lat': 34.05481175000001, 'lng': -117.75017625}}}",https://maps.gstatic.com/mapfiles/place_api/icons/v1/png_71/school-71.png,#7B9EB0,https://maps.gstatic.com/mapfiles/place_api/icons/v2/school_pinlet,Western University of Health Sciences,{'open_now': True},"[{'height': 1366, 'html_attributions': ['<a href=""https://maps.google.com/maps/contrib/100440629527316885249"">Western University of Health Sciences</a>'], 'photo_reference': 'AWU5eFjmfHtN1rvyIb2Bmle3-5XeiJBniJgCluNpO7raAuNjgTR1jUBXj0nDllEouHHeieHDBjj1OJGFxbL8JD1OavttIIEuctjwKBXbHaH8B60_Rw1SZmMlSxofGCDfRODDHEh8jvHsTMt6uuk-pZa7pCr_3omxx2LWohoRKzYGqsxI2cO8', 'width': 2048}]",ChIJuaCsdPotw4ARjQtjRTgUAYg,"{'compound_code': '3753+5M Pomona, CA, USA', 'global_code': '85643753+5M'}",4.5,ChIJuaCsdPotw4ARjQtjRTgUAYg,GOOGLE,"['university', 'health', 'point_of_interest', 'establishment']",211.0,"309 East 2nd Street, Pomona",
OPERATIONAL,"{'location': {'lat': 34.08271419999999, 'lng': -117.7182124}, 'viewport': {'northeast': {'lat': 34.0840773302915, 'lng': -117.7169204697085}, 'southwest': {'lat': 34.0813793697085, 'lng': -117.7196184302915}}}",https://maps.gstatic.com/mapfiles/place_api/icons/v1/png_71/lodging-71.png,#909CE1,https://maps.gstatic.com/mapfiles/place_api/icons/v2/hotel_pinlet,Claremont Lodge,{'open_now': True},"[{'height': 3024, 'html_attributions': ['<a href=""https://maps.google.com/maps/contrib/108693951635072780100"">Claremont Lodge</a>'], 'photo_reference': 'AWU5eFjTnKVC6rP5UixxA5Yf_gaw1HiYh7VTkLwzIIYI8nw2z9fk7EmYfRgbO1vB9ZOQruRgpcMgix9zWvlhD0atX8nvMcQZA3evOQWHfbashQQlyuv2pv3lOdqySRTa3-P41YTsFUUgXsAjkE9Q6ws-eYOx-Cklz9eY3tOK4oK1fDLa9fqW', 'width': 4032}]",ChIJ-8jKJPIxw4ARPFKijsKkUgM,"{'compound_code': '37MJ+3P Claremont, CA, USA', 'global_code': '856437MJ+3P'}",3.9,ChIJ-8jKJPIxw4ARPFKijsKkUgM,GOOGLE,"['lodging', 'point_of_interest', 'establishment']",357.0,"736 South Indian Hill Boulevard, Claremont",
OPERATIONAL,"{'location': {'lat': 33.9955043, 'lng': -117.7200268}, 'viewport': {'northeast': {'lat': 33.9968588302915, 'lng': -117.7170598}, 'southwest': {'lat': 33.9941608697085, 'lng': -117.7210158}}}",https://maps.gstatic.com/mapfiles/place_api/icons/v1/png_71/shopping-71.png,#4B96F3,https://maps.gstatic.com/mapfiles/place_api/icons/v2/shopping_pinlet,Walmart Supercenter,{'open_now': True},"[{'height': 600, 'html_attributions': ['<a href=""https://maps.google.com/maps/contrib/106268164835391836465"">Walmart Supercenter</a>'], 'photo_reference': 'AWU5eFgjRfMYO6iuP3StyNLoaQ5vEP0dORz8_-f4iw_lq17xPHEfNCQf4telgtA7BrvHwiuXPPvirKra1RncF7y4_o3qJw7IiYoSXCIRa6C48_htIIZU92UYVFOAlkW3cl8aRObCQA-6tAs6VyQa62VPEmcPbMojTrr5-jic_G-ykSq9tvZi', 'width': 1067}]",ChIJWei7ErQyw4ARgOqj1RrwaCY,"{'compound_code': 'X7WH+6X Chino, CA, USA', 'global_code': '8554X7WH+6X'}",4.0,ChIJWei7ErQyw4ARgOqj1RrwaCY,GOOGLE,"['department_store', 'hardware_store', 'bakery', 'clothing_store', 'grocery_or_supermarket', 'electronics_store', 'furniture_store', 'home_goods_store', 'store', 'food', 'point_of_interest', 'establishment']",4948.0,"3943 Grand Avenue, Chino",1.0
OPERATIONAL,"{'location': {'lat': 34.062663, 'lng': -117.6885581}, 'viewport': {'northeast': {'lat': 34.0641128802915, 'lng': -117.6867968697085}, 'southwest': {'lat': 34.0614149197085, 'lng': -117.6894948302915}}}",https://maps.gstatic.com/mapfiles/place_api/icons/v1/png_71/lodging-71.png,#909CE1,https://maps.gstatic.com/mapfiles/place_api/icons/v2/hotel_pinlet,Ontario Inn & Suites,,"[{'height': 2448, 'html_attributions': ['<a href=""https://maps.google.com/maps/contrib/100971105976003153078"">Jorge Pena</a>'], 'photo_reference': 'AWU5eFj7uaXvZwntFoh2QhE3v5rC2wT9oFuiVyv7l_eNm-j_Lg_Nbf6_TA-882d5ujF3eonMQlnH3I17b93ZQ8ZbSarkdj_bLYfhax1SlfubiKNmQj0WL4Sil0iJFg6TV2YQnA-TFptD2NqoeuItkvM7YnvbFjOZ1eaEdrUHnSH8MI4Q0SZR', 'width': 3264}]",ChIJR62Z7cozw4ARW-mx5cNHYT8,"{'compound_code': '3876+3H Montclair, CA, USA', 'global_code': '85643876+3H'}",3.9,ChIJR62Z7cozw4ARW-mx5cNHYT8,GOOGLE,"['lodging', 'point_of_interest', 'establishment']",430.0,"5361 Holt Boulevard, Montclair",
OPERATIONAL,"{'location': {'lat': 34.0292326, 'lng': -117.5920939}, 'viewport': {'northeast': {'lat': 34.0306336302915, 'lng': -117.5911741197085}, 'southwest': {'lat': 34.0279356697085, 'lng': -117.5938720802915}}}",https://maps.gstatic.com/mapfiles/place_api/icons/v1/png_71/lodging-71.png,#909CE1,https://maps.gstatic.com/mapfiles/place_api/icons/v2/hotel_pinlet,Hotel Hacienda at Ontario Ranch,{'open_now': True},"[{'height': 3985, 'html_attributions': ['<a href=""https://maps.google.com/maps/contrib/115642654121748467144"">Hotel Hacienda at Ontario Ranch (Americas Best Value Inn)</a>'], 'photo_reference': 'AWU5eFi_BifbsglUAEQQEubUHXrmXHqBa2LXOEyhh7eEPqo7lCvbha_RgjLEGrRMlXTmetFC4vG4tnPMbv__Lz6TvxgXu1P4ob8h5vQD7oBKjIGj_Z5VBvIw5JyMPupPIHe-s-761w0OcqP3AL64LXUEY-r_gVXnFn2ifS3W17tneZgNwkk', 'width': 5977}]",ChIJA-mZDSk1w4AR2iwc1XVS42Y,,3.8,ChIJA-mZDSk1w4AR2iwc1XVS42Y,GOOGLE,"['lodging', 'point_of_interest', 'establishment']",543.0,"2425 South Archibald Avenue, Ontario",
OPERATIONAL,"{'location': {'lat': 34.05676259999999, 'lng': -117.7503999}, 'viewport': {'northeast': {'lat': 34.0581894802915, 'lng': -117.7490518197085}, 'southwest': {'lat': 34.0554915197085, 'lng': -117.7517497802915}}}",https://maps.gstatic.com/mapfiles/place_api/icons/v1/png_71/generic_business-71.png,#13B5C7,https://maps.gstatic.com/mapfiles/place_api/icons/v2/generic_pinlet,The Fox Theater Pomona,{'open_now': True},"[{'height': 2359, 'html_attributions': ['<a href=""https://maps.google.com/maps/contrib/116984172748270581054"">M planetmike</a>'], 'photo_reference': 'AWU5eFjDucBCNegkFYQrT1o_HALBGeoHwAlHDDfBuOW-wdtQvQQf6QbStnUph9QMfnXasyixn1neQ_DrxDAn4PW2dbN-d9xetMdYP_Z-tENwhS50-ZF5iwA2VVhT4Yx2XrkFZne69yiRhVCuV52t-PRKhc4pc2jpvNe_aWlZE9a9hVGXtHWv', 'width': 3145}]",ChIJWz-8XeUtw4ARqdcpkaW4Ufc,"{'compound_code': '364X+PR Pomona, CA, USA', 'global_code': '8564364X+PR'}",4.4,ChIJWz-8XeUtw4ARqdcpkaW4Ufc,GOOGLE,"['point_of_interest', 'establishment']",967.0,"301 South Garey Avenue, Pomona",
OPERATIONAL,"{'location': {'lat': 34.0126907, 'lng': -117.7385437}, 'viewport': {'northeast': {'lat': 34.0139118802915, 'lng': -117.7371469697085}, 'southwest': {'lat': 34.0112139197085, 'lng': -117.7398449302915}}}",https://maps.gstatic.com/mapfiles/place_api/icons/v1/png_71/movies-71.png,#13B5C7,https://maps.gstatic.com/mapfiles/place_api/icons/v2/movie_pinlet,Harkins Theatres Chino Hills 18,{'open_now': True},"[{'height': 912, 'html_attributions': ['<a href=""https://maps.google.com/maps/contrib/104845700864428375297"">Harkins Theatres Chino Hills 18</a>'], 'photo_reference': 'AWU5eFiQj_ifR6s-Ldzn15WoZLNmfUVSTbUmWRu3NIfLz_omUxwjSKz89YflgWJXYrJFMCirInNBUsMKEzjNm7CHLWCE_fd8Eer9rcJFFS6XYHy_Xnq3ic0JXa6wVPVmuR-A5gXiRuAOomwabghuhwTDJ3_ED20ZK9r8RbQYV8obFoFvZoKJ', 'width': 1239}]",ChIJlTccu2Etw4ARCkuEh6ABBVI,"{'compound_code': '2776+3H Chino Hills, CA, USA', 'global_code': '85642776+3H'}",4.6,ChIJlTccu2Etw4ARCkuEh6ABBVI,GOOGLE,"['movie_theater', 'point_of_interest', 'establishment']",2881.0,"Crossroads Entertainment Center, 3070 Chino Avenue, Chino Hills",
OPERATIONAL,"{'location': {'lat': 33.9945799, 'lng': -117.7315209}, 'viewport': {'northeast': {'lat': 33.99592028029149, 'lng': -117.7303397697085}, 'southwest': {'lat': 33.99322231970849, 'lng': -117.7330377302915}}}",https://maps.gstatic.com/mapfiles/place_api/icons/v1/png_71/school-71.png,#7B9EB0,https://maps.gstatic.com/mapfiles/place_api/icons/v2/school_pinlet,Ruben S. Ayala High School,{'open_now': True},"[{'height': 3006, 'html_attributions': ['<a href=""https://maps.google.com/maps/contrib/107039973229879315375"">Curtis Taylor</a>'], 'photo_reference': 'AWU5eFjchZoQByGYGwmbbyNkPm4sQvsaHCDcJ19a4VIa8X45B_2ZV3lnBc7YnuDFE1Qh-Grw8EkAKD3i0HWCTv9O9eL3MQvc-7zWU9WJCio8lipUmgevrHmIBZjINWqLpB7eLg6oHg42yigmaSmVbT7ieJYYPkxgV7Tai2RILaX6G17ygIcj', 'width': 5344}]",ChIJO4QQAqwyw4ARdtF56YkP0Sk,"{'compound_code': 'X7V9+R9 Chino Hills, CA, USA', 'global_code': '8554X7V9+R9'}",3.3,ChIJO4QQAqwyw4ARdtF56YkP0Sk,GOOGLE,"['secondary_school', 'school', 'point_of_interest', 'establishment']",43.0,"14255 Peyton Drive, Chino Hills",
OPERATIONAL,"{'location': {'lat': 34.0947864, 'lng': -117.7203878}, 'viewport': {'northeast': {'lat': 34.0960503802915, 'lng': -117.7190269197085}, 'southwest': {'lat': 34.0933524197085, 'lng': -117.7217248802915}}}",https://maps.gstatic.com/mapfiles/place_api/icons/v1/png_71/lodging-71.png,#909CE1,https://maps.gstatic.com/mapfiles/place_api/icons/v2/hotel_pinlet,Hotel Casa 425 + Lounge,,"[{'height': 576, 'html_attributions': ['<a href=""https://maps.google.com/maps/contrib/108018398584216633771"">Hotel Casa 425 + Lounge</a>'], 'photo_reference': 'AWU5eFj7vKB6VndVO6dlyc2TuP8C5g8ETYK4nZuMXF57L1C_OHa-_aSrCGyvYOmgyt5PzNJqxVMQDgfDxoP_4a2fhYeVQf0tx9aqVAikm8bYAB0GdcTZeMmkVz-GjWIafZh5OMoTfHDLpwCyH5rFQxkXFRUGfUARfI0r302JH_VPpnc3Bbbq', 'width': 1024}]",ChIJvY78AMIxw4ARw4mzsqbC75I,"{'compound_code': '37VH+WR Claremont, CA, USA', 'global_code': '856437VH+WR'}",4.4,ChIJvY78AMIxw4ARw4mzsqbC75I,GOOGLE,"['lodging', 'point_of_interest', 'establishment']",391.0,"425 West 1st Street, Claremont",
,"{'location': {'lat': 34.055103, 'lng': -117.7499909}, 'viewport': {'northeast': {'lat': 34.11293591367842, 'lng': -117.7110670161538}, 'southwest': {'lat': 34.01851199186065, 'lng': -117.8288169770442}}}",https://maps.gstatic.com/mapfiles/place_api/icons/v1/png_71/geocode-71.png,#7B9EB0,https://maps.gstatic.com/mapfiles/place_api/icons/v2/generic_pinlet,Pomona,,"[{'height': 3680, 'html_attributions': ['<a href=""https://maps.google.com/maps/contrib/111711291147174180630"">Lek Su</a>'], 'photo_reference': 'AWU5eFgZr2MHsqNXcJiZmTwYi1Y0zTP9J2g9OTV21lsiGJ6TSD0Tl888-JTKP-_QN4P9FpWe8oDWDvpXqrtQmN1fCEn9B7VRkr1xKwcIeTMOH3VvGS3bwa60fG9XDQU4qmAJN1cmGyhtV2B5hVkSavZvHCjhtiHfxMHzk-5ae2aEBUkR-OCQ', 'width': 7344}]",ChIJIaGfee8tw4ARM6nKAHCUCVI,,,ChIJIaGfee8tw4ARM6nKAHCUCVI,GOOGLE,"['locality', 'political']",,Pomona,
