business_status,geometry,icon,icon_background_color,icon_mask_base_uri,name,opening_hours,photos,place_id,plus_code,rating,reference,scope,types,user_ratings_total,vicinity
OPERATIONAL,"{'location': {'lat': 34.0565483, 'lng': -117.723233}, 'viewport': {'northeast': {'lat': 34.05790677989272, 'lng': -117.7218803701073}, 'southwest': {'lat': 34.05520712010727, 'lng': -117.7245800298927}}}",https://maps.gstatic.com/mapfiles/place_api/icons/v1/png_71/generic_business-71.png,#7B9EB0,https://maps.gstatic.com/mapfiles/place_api/icons/v2/generic_pinlet,Triple R Machines INC,{'open_now': True},"[{'height': 4032, 'html_attributions': ['<a href=""https://maps.google.com/maps/contrib/105798395389794159951"">A Google User</a>'], 'photo_reference': 'AWU5eFhY41JTbvf01bH2UhuGDnsTYZizhpwyW66luewAUXPBGLLDiSPl7Y1-q45IdrY2du5z5j8ggwS2IAOcO0UEQHnNOjD99beGP8PwgSciMTwR-077Y4ogESuP0JNV1d8yz7Uy6LWqF7E6RK4WhMQ5zS6otOQzaYfW8dJMeiLAQEFfL4g6', 'width': 3024}]",ChIJMZW8PhIyw4AROSp6JsGFFg8,"{'compound_code': '374G+JP Pomona, California', 'global_code': '8564374G+JP'}",5.0,ChIJMZW8PhIyw4AROSp6JsGFFg8,GOOGLE,"['point_of_interest', 'establishment']",1,"380 S East End Ave g, Pomona"
OPERATIONAL,"{'location': {'lat': 34.0858286, 'lng': -117.5876911}, 'viewport': {'northeast': {'lat': 34.08718047989272, 'lng': -117.5864483201073}, 'southwest': {'lat': 34.08448082010727, 'lng': -117.5891479798927}}}",https://maps.gstatic.com/mapfiles/place_api/icons/v1/png_71/generic_business-71.png,#7B9EB0,https://maps.gstatic.com/mapfiles/place_api/icons/v2/generic_pinlet,L&R Machine,{'open_now': True},"[{'height': 1932, 'html_attributions': ['<a href=""https://maps.google.com/maps/contrib/101260095905637832431"">A Google User</a>'], 'photo_reference': 'AWU5eFjIkoKq4rKnO2ngNRQGXBHPq0eSuL6qvZPWyIivgbgy3kEiNOgmYOaoONW5A0u5vrYrKhSFZXi_3LUwb0heCN0IbMCbHF_VqXxUSNy0XT1hRnlZuCsDHIA8dwUIjt3rUWLFt0hIPv38GA8kUgXhWVFOI58TGoPr6P99kVFulrehGUt7', 'width': 2576}]",ChIJQVf7Wn41w4ARNMKsOQgIs-c,"{'compound_code': '3CP6+8W Rancho Cucamonga, California', 'global_code': '85643CP6+8W'}",0.0,ChIJQVf7Wn41w4ARNMKsOQgIs-c,GOOGLE,"['point_of_interest', 'establishment']",0,"10022 6th St Suite D, Rancho Cucamonga"
OPERATIONAL,"{'location': {'lat': 34.09277770000001, 'lng': -117.6005361}, 'viewport': {'northeast': {'lat': 34.09412742989272, 'lng': -117.5991435201073}, 'southwest': {'lat': 34.09142777010727, 'lng': -117.6018431798928}}}",https://maps.gstatic.com/mapfiles/place_api/icons/v1/png_71/generic_business-71.png,#7B9EB0,https://maps.gstatic.com/mapfiles/place_api/icons/v2/generic_pinlet,J&L Precision Machine,{'open_now': True},"[{'height': 2160, 'html_attributions': ['<a href=""https://maps.google.com/maps/contrib/116455728658128287285"">A Google User</a>'], 'photo_reference': 'AWU5eFiv8dZ2j8o3XJuEhQKy9J5deEfyK0SmPmK5ArjPYqMOwq8KEjBaqHjbvE8Jrp1WACzSos6MsJ-Prwi5A0CsAVyPP-R6eNFcYmNCaOlA25FxqwtyoB9-x1MBlIeNy3RYCWTIWLdPv8qvso4muD2wi-RVXBUczwug4TDIZ8EBIL-vtS8x', 'width': 2880}]",ChIJk9T5dTI0w4AReR106U3MWdM,"{'compound_code': '39VX+4Q Rancho Cucamonga, California', 'global_code': '856439VX+4Q'}",0.0,ChIJk9T5dTI0w4AReR106U3MWdM,GOOGLE,"['point_of_interest', 'establishment']",0,"9375 Feron Blvd c, Rancho Cucamonga"
OPERATIONAL,"{'location': {'lat': 33.8655815, 'lng': -117.815834}, 'viewport': {'northeast': {'lat': 33.86683012989272, 'lng': -117.8145011701072}, 'southwest': {'lat': 33.86413047010727, 'lng': -117.8172008298927}}}",https://maps.gstatic.com/mapfiles/place_api/icons/v1/png_71/generic_business-71.png,#7B9EB0,https://maps.gstatic.com/mapfiles/place_api/icons/v2/generic_pinlet,"Moseys Production Machinists, Inc - Anaheim Machine Shop",{'open_now': True},"[{'height': 630, 'html_attributions': ['<a href=""https://maps.google.com/maps/contrib/113492757196599537083"">Moseys Production Machinists, Inc.</a>'], 'photo_reference': 'AWU5eFhSBmnHOq_6XLT3yozaFC1fU95BByUzo3bWLAvWyA_zz_TKFmw2P4MKrwZDipImDMmg640o4kOD6XAUer4gENICzFxkzx49UA42Gix4UbpkWYVS7sGxGyuWWnCD2TWn4_5_FGyb--fjRNQ9hwn_aZYHOCviW-hlp-LC5w8pCgoRvpbl', 'width': 800}]",ChIJh6HAfEfR3IAR3vcz3oAEUJw,"{'compound_code': 'V58M+6M Anaheim, California', 'global_code': '8554V58M+6M'}",4.6,ChIJh6HAfEfR3IAR3vcz3oAEUJw,GOOGLE,"['point_of_interest', 'establishment']",18,"1550 Lakeview Loop, Anaheim"
OPERATIONAL,"{'location': {'lat': 34.0950409, 'lng': -117.6045894}, 'viewport': {'northeast': {'lat': 34.09639217989272, 'lng': -117.6032801701073}, 'southwest': {'lat': 34.09369252010728, 'lng': -117.6059798298927}}}",https://maps.gstatic.com/mapfiles/place_api/icons/v1/png_71/generic_business-71.png,#7B9EB0,https://maps.gstatic.com/mapfiles/place_api/icons/v2/generic_pinlet,All-Star Precision,{'open_now': True},,ChIJ-20kGC80w4AR3q1z1YyhZG8,"{'compound_code': '39WW+25 Rancho Cucamonga, California', 'global_code': '856439WW+25'}",5.0,ChIJ-20kGC80w4AR3q1z1YyhZG8,GOOGLE,"['point_of_interest', 'establishment']",2,"8739 Lion St, Rancho Cucamonga"
OPERATIONAL,"{'location': {'lat': 33.8856238, 'lng': -117.5951982}, 'viewport': {'northeast': {'lat': 33.88683557989272, 'lng': -117.5938690701073}, 'southwest': {'lat': 33.88413592010728, 'lng': -117.5965687298927}}}",https://maps.gstatic.com/mapfiles/place_api/icons/v1/png_71/generic_business-71.png,#7B9EB0,https://maps.gstatic.com/mapfiles/place_api/icons/v2/generic_pinlet,Accurate Machine & Tool,{'open_now': True},"[{'height': 1536, 'html_attributions': ['<a href=""https://maps.google.com/maps/contrib/115605131003723772195"">Accurate Machine &amp; Tool</a>'], 'photo_reference': 'AWU5eFhFXlItnzWdJO4P64q8hSAP3FaGdxfoKE_Cmw7ZUSZsDmtQ8qPe7g1UwSgK1oszzkrbZ7ixPUCdshhF7auSS3mKUMjlNq5IwTD1kM_ikYE3V08rCyvO69d_r-9JkJC4apwCsMgF9OghiIIBdWo57eSQkvuMlrpqYY_ji5puQS4_xDNT', 'width': 2048}]",ChIJzZgKYVjI3IARLQx9JrOr5o0,"{'compound_code': 'VCP3+6W Corona, California', 'global_code': '8554VCP3+6W'}",5.0,ChIJzZgKYVjI3IARLQx9JrOr5o0,GOOGLE,"['point_of_interest', 'establishment']",2,"1561 Commerce St, Corona"
OPERATIONAL,"{'location': {'lat': 33.8842874, 'lng': -117.5967306}, 'viewport': {'northeast': {'lat': 33.88563227989272, 'lng': -117.5953241201073}, 'southwest': {'lat': 33.88293262010728, 'lng': -117.5980237798928}}}",https://maps.gstatic.com/mapfiles/place_api/icons/v1/png_71/generic_business-71.png,#7B9EB0,https://maps.gstatic.com/mapfiles/place_api/icons/v2/generic_pinlet,Jackman Machining,{'open_now': True},,ChIJWckaJPbI3IARdUHRCmlNC00,"{'compound_code': 'VCM3+P7 Corona, California', 'global_code': '8554VCM3+P7'}",5.0,ChIJWckaJPbI3IARdUHRCmlNC00,GOOGLE,"['point_of_interest', 'establishment']",1,"182 Business Center Dr, Corona"
OPERATIONAL,"{'location': {'lat': 34.1044664, 'lng': -117.6879421}, 'viewport': {'northeast': {'lat': 34.10581687989272, 'lng': -117.6867098201073}, 'southwest': {'lat': 34.10311722010728, 'lng': -117.6894094798927}}}",https://maps.gstatic.com/mapfiles/place_api/icons/v1/png_71/generic_business-71.png,#7B9EB0,https://maps.gstatic.com/mapfiles/place_api/icons/v2/generic_pinlet,PK Machine Inc.,{'open_now': True},"[{'height': 1530, 'html_attributions': ['<a href=""https://maps.google.com/maps/contrib/105820589612239042913"">PK Machine Inc.</a>'], 'photo_reference': 'AWU5eFgosaGytVcVeHcXttgsQcpmFmgxuLJEwWtj9pvvwb6FxxJo_6bbdq0YIUJzdtznM4CAra38yNjWCet8B4gwGpdyh6jCyuZM306dRfspjt4Ryjd2LngV9dO2AnO0czTNrtE4EfK9A4m62c2Jbt_fKUZyR7zChs7cVM8yHzQsKYcgSsma', 'width': 2048}]",ChIJlcFi2woxw4AREc6tywQic0Y,"{'compound_code': '4836+QR Upland, California', 'global_code': '85644836+QR'}",5.0,ChIJlcFi2woxw4AREc6tywQic0Y,GOOGLE,"['point_of_interest', 'establishment']",4,"1935 W 11th St Unit F, Upland"
OPERATIONAL,"{'location': {'lat': 33.8519664, 'lng': -117.8563404}, 'viewport': {'northeast': {'lat': 33.85333467989273, 'lng': -117.8550646201072}, 'southwest': {'lat': 33.85063502010728, 'lng': -117.8577642798927}}}",https://maps.gstatic.com/mapfiles/place_api/icons/v1/png_71/generic_business-71.png,#7B9EB0,https://maps.gstatic.com/mapfiles/place_api/icons/v2/generic_pinlet,D & R Machine Shop,{'open_now': True},"[{'height': 2448, 'html_attributions': ['<a href=""https://maps.google.com/maps/contrib/107359514888538717507"">D &amp; R Machine Shop</a>'], 'photo_reference': 'AWU5eFjLYlrcH6gi9Le2uncX4PrklfwphBLYOFlTb8MiRSZVJ79RP8LEFmcgtgYihyxmwK2JBBrvNdsej3QxMw2QFpJ_3R8pHNyc3bQPL2PBFvcbfywv3Y-adHUpSPJdu1sdReeDRz4VlqWrR2NRNzNhiIo-skJBNEFA0wgnhsensmc0nJyg', 'width': 2448}]",ChIJu-qTXerW3IARItzDnI52KZA,"{'compound_code': 'V42V+QF Anaheim, California', 'global_code': '8554V42V+QF'}",0.0,ChIJu-qTXerW3IARItzDnI52KZA,GOOGLE,"['point_of_interest', 'establishment']",0,"3121 La Palma Ave # D, Anaheim"
OPERATIONAL,"{'location': {'lat': 34.06143220000001, 'lng': -117.6763243}, 'viewport': {'northeast': {'lat': 34.06278252989272, 'lng': -117.6748644701073}, 'southwest': {'lat': 34.06008287010727, 'lng': -117.6775641298928}}}",https://maps.gstatic.com/mapfiles/place_api/icons/v1/png_71/generic_business-71.png,#7B9EB0,https://maps.gstatic.com/mapfiles/place_api/icons/v2/generic_pinlet,Valdez Machine,{'open_now': True},"[{'height': 1920, 'html_attributions': ['<a href=""https://maps.google.com/maps/contrib/109742199526223703906"">Trek Kinsey</a>'], 'photo_reference': 'AWU5eFiTff6OE3D7nXzL3nUJuSjPzAPyEP4dTVs5lPyDWXTls4dmUNgxFy_Z4vBnAlf0zSnUBCFk0Nm-ITEjHOyHpLkaoox7skcmcQKoqcuKgu8X6p4d3tm0Akkz96Cptzwk3UHm8po4cYA2RJ-YBLQidlKfHu05Hcg_FA4Dzr7x5PdbBilp', 'width': 1080}]",ChIJt66W87aw3IARm-4mom5Xnd8,"{'compound_code': '386F+HH Ontario, California', 'global_code': '8564386F+HH'}",5.0,ChIJt66W87aw3IARm-4mom5Xnd8,GOOGLE,"['point_of_interest', 'establishment']",2,"1339 Brooks St # A, Ontario"
OPERATIONAL,"{'location': {'lat': 34.0401669, 'lng': -117.6401212}, 'viewport': {'northeast': {'lat': 34.04172292989273, 'lng': -117.6387475701072}, 'southwest': {'lat': 34.03902327010728, 'lng': -117.6414472298927}}}",https://maps.gstatic.com/mapfiles/place_api/icons/v1/png_71/generic_business-71.png,#7B9EB0,https://maps.gstatic.com/mapfiles/place_api/icons/v2/generic_pinlet,E & L Quality Machining,{'open_now': True},"[{'height': 612, 'html_attributions': ['<a href=""https://maps.google.com/maps/contrib/103616078062693151471"">Mike Busch</a>'], 'photo_reference': 'AWU5eFj_wIK4h1nj_7IGQ0v_mYMBcUwF4dUnGeKJD_GKThhMaPFDZRpYoV-mIvyAcKqk8sy-iLWxZXsZzPGSIJ-uRGkbqXtetlBTpTTXh_L8yFX4aMQ1Rn2tI8WQVezTfby3RGln-UMYflpA3XLJN3cV1dB-m3QWnQ2Mr-15nklSykMiNv9w', 'width': 792}]",ChIJRaV545w0w4AROflTdIKxIv0,"{'compound_code': '29R5+3W Ontario, California', 'global_code': '856429R5+3W'}",5.0,ChIJRaV545w0w4AROflTdIKxIv0,GOOGLE,"['point_of_interest', 'establishment']",2,"760 E Francis St t, Ontario"
OPERATIONAL,"{'location': {'lat': 34.0415265, 'lng': -117.6366958}, 'viewport': {'northeast': {'lat': 34.04287252989272, 'lng': -117.6352538201073}, 'southwest': {'lat': 34.04017287010728, 'lng': -117.6379534798927}}}",https://maps.gstatic.com/mapfiles/place_api/icons/v1/png_71/generic_business-71.png,#7B9EB0,https://maps.gstatic.com/mapfiles/place_api/icons/v2/generic_pinlet,Redline Machining Inc.,{'open_now': True},"[{'height': 1512, 'html_attributions': ['<a href=""https://maps.google.com/maps/contrib/105369532767948475578"">Nick B.</a>'], 'photo_reference': 'AWU5eFjB0rIcGl7kRrumvL7ybI-L55bEQpryaJyzj6oOZ-whAXt2QnN93I2IEVC0g47oq6tpMgXlIRw3ei7xVAraTEv7dLO3kzgzKPFev8HJSEiIgIbZkoBRS2Jxd5rzonMVp_eBZEAJ9saMLfwEvzsam9HMjgOgL4mY6dW5jdxZTBE77DNM', 'width': 2016}]",ChIJ_Ze96y00w4ARa7xW5fil3ho,"{'compound_code': '29R7+M8 Ontario, California', 'global_code': '856429R7+M8'}",5.0,ChIJ_Ze96y00w4ARa7xW5fil3ho,GOOGLE,"['point_of_interest', 'establishment']",1,"907 E Francis St, Ontario"
OPERATIONAL,"{'location': {'lat': 34.0329261, 'lng': -117.7312438}, 'viewport': {'northeast': {'lat': 34.03427817989272, 'lng': -117.7297953201073}, 'southwest': {'lat': 34.03157852010728, 'lng': -117.7324949798927}}}",https://maps.gstatic.com/mapfiles/place_api/icons/v1/png_71/generic_business-71.png,#7B9EB0,https://maps.gstatic.com/mapfiles/place_api/icons/v2/generic_pinlet,B & D Precision Micro-Welding & Machining,{'open_now': True},"[{'height': 3648, 'html_attributions': ['<a href=""https://maps.google.com/maps/contrib/106780607778838430736"">A Google User</a>'], 'photo_reference': 'AWU5eFhY5KyqEZsIukAJOpR9sOThiN3fVYDLtG5sXIH9vjdB4YsjGe23fIRc291ZzVMm0A_CjVsajPzPadGSEj6TK9swm_fM56QfX5VbwyTXsDB1vlTVWKH1A0VIseOBjObH4da1w5EOjvZSt5PoiM3GRPGFEq8r9rndW6odu-Yg6GjUlKPC', 'width': 5472}]",ChIJp5W3K3wyw4ARWvTv3Pc1Txc,"{'compound_code': '27M9+5G Pomona, California', 'global_code': '856427M9+5G'}",5.0,ChIJp5W3K3wyw4ARWvTv3Pc1Txc,GOOGLE,"['store', 'point_of_interest', 'establishment']",7,"2140 S Reservoir St, Pomona"
OPERATIONAL,"{'location': {'lat': 34.0003669, 'lng': -117.7060905}, 'viewport': {'northeast': {'lat': 34.00171697989272, 'lng': -117.7047955201072}, 'southwest': {'lat': 33.99901732010728, 'lng': -117.7074951798927}}}",https://maps.gstatic.com/mapfiles/place_api/icons/v1/png_71/generic_business-71.png,#7B9EB0,https://maps.gstatic.com/mapfiles/place_api/icons/v2/generic_pinlet,Ruggio Precision Machining,{'open_now': True},,ChIJqaR6ns4yw4ARAu0bXbLzJdY,"{'compound_code': '272V+4H Chino, California', 'global_code': '8564272V+4H'}",0.0,ChIJqaR6ns4yw4ARAu0bXbLzJdY,GOOGLE,"['point_of_interest', 'establishment']",0,"13905 Ramona Ave suite d, Chino"
OPERATIONAL,"{'location': {'lat': 33.8521094, 'lng': -117.8566664}, 'viewport': {'northeast': {'lat': 33.85355197989272, 'lng': -117.8552547701073}, 'southwest': {'lat': 33.85085232010728, 'lng': -117.8579544298928}}}",https://maps.gstatic.com/mapfiles/place_api/icons/v1/png_71/generic_business-71.png,#7B9EB0,https://maps.gstatic.com/mapfiles/place_api/icons/v2/generic_pinlet,Arrow Machining,{'open_now': True},"[{'height': 4000, 'html_attributions': ['<a href=""https://maps.google.com/maps/contrib/115727896490742302779"">Trevelyan Cook</a>'], 'photo_reference': 'AWU5eFjGq2GXId8QfJHWJG7BmMc3fck8ali4finkapxXx-OGNIKcKV-eRp2XpzKBeF62u94tDagXrlkRRYMUf2dWI-9iSnHDjRXYOWUW0ce7Ij1zYCVVAXm3S6r58hNXs8X55D9-aUViHWmZ4BSf9ksee8XVR-fwFrlCdOL6aOGDFFeSAxzH', 'width': 1800}]",ChIJu-qTXerW3IARtFDvSI8koPQ,"{'compound_code': 'V42V+R8 Anaheim, California', 'global_code': '8554V42V+R8'}",5.0,ChIJu-qTXerW3IARtFDvSI8koPQ,GOOGLE,"['point_of_interest', 'establishment']",3,"1130 N Kraemer Blvd Suite P, Anaheim"
OPERATIONAL,"{'location': {'lat': 34.095922, 'lng': -117.5693969}, 'viewport': {'northeast': {'lat': 34.09727402989272, 'lng': -117.5680203201073}, 'southwest': {'lat': 34.09457437010727, 'lng': -117.5707199798927}}}",https://maps.gstatic.com/mapfiles/place_api/icons/v1/png_71/generic_business-71.png,#7B9EB0,https://maps.gstatic.com/mapfiles/place_api/icons/v2/generic_pinlet,D1 Engineering & Machine Shop (D1EMS),{'open_now': True},,ChIJhdPXcek1w4AR7w3EvsSUlWk,"{'compound_code': '3CWJ+96 Rancho Cucamonga, California', 'global_code': '85643CWJ+96'}",5.0,ChIJhdPXcek1w4AR7w3EvsSUlWk,GOOGLE,"['point_of_interest', 'establishment']",3,"8620 Red Oak St, Rancho Cucamonga"
OPERATIONAL,"{'location': {'lat': 34.0561664, 'lng': -117.8021821}, 'viewport': {'northeast': {'lat': 34.05739297989272, 'lng': -117.8008799201073}, 'southwest': {'lat': 34.05469332010728, 'lng': -117.8035795798927}}}",https://maps.gstatic.com/mapfiles/place_api/icons/v1/png_71/generic_business-71.png,#7B9EB0,https://maps.gstatic.com/mapfiles/place_api/icons/v2/generic_pinlet,Juell Machine Co Inc,{'open_now': True},"[{'height': 4032, 'html_attributions': ['<a href=""https://maps.google.com/maps/contrib/105798395389794159951"">A Google User</a>'], 'photo_reference': 'AWU5eFgEwgouCthOAFM0-025t0NQnZNO146S3JzREcmZgc3mCDa6SNOImJj6Y81A2cAEolLZqVkM-x1uaMgtQxfI2u6YR5UdmKUUrwCo7Q_IP8kX9uFHR1z-1M6WgNXCSA9z3qPxLbHZgk3dnAcr7WYkos83eqzHGRMDIt6AyB-tTfBgwUcN', 'width': 3024}]",ChIJXWlOeZ4uw4ARdV-v_ck96RM,"{'compound_code': '354X+F4 Pomona, California', 'global_code': '8564354X+F4'}",0.0,ChIJXWlOeZ4uw4ARdV-v_ck96RM,GOOGLE,"['point_of_interest', 'establishment']",0,"150 Pacific St, Pomona"
OPERATIONAL,"{'location': {'lat': 34.0382154, 'lng': -117.619288}, 'viewport': {'northeast': {'lat': 34.03956487989272, 'lng': -117.6179154701073}, 'southwest': {'lat': 34.03686522010727, 'lng': -117.6206151298927}}}",https://maps.gstatic.com/mapfiles/place_api/icons/v1/png_71/generic_business-71.png,#7B9EB0,https://maps.gstatic.com/mapfiles/place_api/icons/v2/generic_pinlet,APC Machine Inc,{'open_now': True},"[{'height': 3024, 'html_attributions': ['<a href=""https://maps.google.com/maps/contrib/116967871187648956390"">A Google User</a>'], 'photo_reference': 'AWU5eFjQQ_GfcP1pxwvzk4TuOCfP9zX8ePndpbhI9u0Jtbxp4cCGDXSUrAVWC64veNo1z-TOKVaCtIy_A4GN5ivIZrXnEdbJ87heQFWRkEkMEHhDam0SmD3ceE1HHj1hzVmMjsQySuFoyUGuMluTa4YDcrvih4xC95Dj9pgCxQyBpeQXTsi2', 'width': 4032}]",ChIJz36GyOo0w4AR4uKH3EQCbxE,"{'compound_code': '29QJ+77 Ontario, California', 'global_code': '856429QJ+77'}",5.0,ChIJz36GyOo0w4AR4uKH3EQCbxE,GOOGLE,"['point_of_interest', 'establishment']",1,"1942 S Augusta Ct # C, Ontario"
OPERATIONAL,"{'location': {'lat': 34.035423, 'lng': -117.600859}, 'viewport': {'northeast': {'lat': 34.03673862989272, 'lng': -117.5995094701073}, 'southwest': {'lat': 34.03403897010728, 'lng': -117.6022091298927}}}",https://maps.gstatic.com/mapfiles/place_api/icons/v1/png_71/generic_business-71.png,#7B9EB0,https://maps.gstatic.com/mapfiles/place_api/icons/v2/generic_pinlet,Nyx Machining LLC,{'open_now': True},"[{'height': 3025, 'html_attributions': ['<a href=""https://maps.google.com/maps/contrib/109938096294074673210"">A Google User</a>'], 'photo_reference': 'AWU5eFjam0XcnZAqRK5bNWKSajREsPvGLCYDvbVfcD3DBHSYfKGbEUvRKH5v58Ik9-KmV07_NTQ-KfQ_cKJXuD60O66tCQ_Nho2hshRmzyChZuk59kJdzIDV9gbcGPsvP7rvXiMjDPOcufBQwoA9zGC75q4HspK0gHnzrTYRmtMNSK_4yC6v', 'width': 3024}]",ChIJmyT9A6DX3IARO7Sd9HO19pI,"{'compound_code': '29PX+5M Ontario, California', 'global_code': '856429PX+5M'}",5.0,ChIJmyT9A6DX3IARO7Sd9HO19pI,GOOGLE,"['point_of_interest', 'establishment']",5,"2101 S Hellman Ave Unit i, Ontario"
OPERATIONAL,"{'location': {'lat': 34.0301719, 'lng': -117.5270486}, 'viewport': {'northeast': {'lat': 34.03147597989272, 'lng': -117.5256706701073}, 'southwest': {'lat': 34.02877632010727, 'lng': -117.5283703298927}}}",https://maps.gstatic.com/mapfiles/place_api/icons/v1/png_71/generic_business-71.png,#7B9EB0,https://maps.gstatic.com/mapfiles/place_api/icons/v2/generic_pinlet,Brothers Machine & Tool Inc,{'open_now': True},,ChIJ-_GeO0i13IARMbLinzqHjmM,"{'compound_code': '2FHF+X5 Jurupa Valley, California', 'global_code': '85642FHF+X5'}",5.0,ChIJ-_GeO0i13IARMbLinzqHjmM,GOOGLE,"['point_of_interest', 'establishment']",1,"11098 Inland Ave, Jurupa Valley"
OPERATIONAL,"{'location': {'lat': 33.8564421, 'lng': -117.8439093}, 'viewport': {'northeast': {'lat': 33.85778507989271, 'lng': -117.8425894201073}, 'southwest': {'lat': 33.85508542010727, 'lng': -117.8452890798927}}}",https://maps.gstatic.com/mapfiles/place_api/icons/v1/png_71/generic_business-71.png,#7B9EB0,https://maps.gstatic.com/mapfiles/place_api/icons/v2/generic_pinlet,Aether Machining Inc. | Machine Shop in Anaheim,{'open_now': True},"[{'height': 1280, 'html_attributions': ['<a href=""https://maps.google.com/maps/contrib/111291954235305592262"">A Google User</a>'], 'photo_reference': 'AWU5eFgDTgE2E-GXfbddg1xti5czYNF4rdyW3UmBrqI97Zz3CZRQ4jMcRZN--rGGJLWjE5IhGQ9ewKCisxmoTag9KBHZYwzL2LMCHhCT25N1Xzp80qkyYOaKLslB4UDkZvse-iqi3EpMAt45bpaz4ResNiKYOzoembr5ttT5ZY-sLkXCLa10', 'width': 1920}]",ChIJeyGn8gXX3IARFf4eq0TuV3I,"{'compound_code': 'V544+HF Anaheim, California', 'global_code': '8554V544+HF'}",4.3,ChIJeyGn8gXX3IARFf4eq0TuV3I,GOOGLE,"['point_of_interest', 'establishment']",3,"1146 N Fountain Way # B, Anaheim"
OPERATIONAL,"{'location': {'lat': 34.1017362, 'lng': -117.5452008}, 'viewport': {'northeast': {'lat': 34.10303892989272, 'lng': -117.5438621201072}, 'southwest': {'lat': 34.10033927010727, 'lng': -117.5465617798927}}}",https://maps.gstatic.com/mapfiles/place_api/icons/v1/png_71/generic_business-71.png,#7B9EB0,https://maps.gstatic.com/mapfiles/place_api/icons/v2/generic_pinlet,Elite Machining Inc.,{'open_now': True},"[{'height': 3200, 'html_attributions': ['<a href=""https://maps.google.com/maps/contrib/100290567474318231099"">keya khandehroo</a>'], 'photo_reference': 'AWU5eFgb6O21NxOcfH7Ggf1Z8siKAQefyRk8hXHySk40qcgRcpkbE9kRuyR5IbxXXKGzRneBvb0k1hJGd6A3TBJrVLQeXu9u1gfEOxn5ewtslVdrzj3OoZJCFjRKYjB57G7UvCw9_fF4HKyDlyZOdKdrrz0CzogoN_Ut9QnTj5BxD2NTk3mJ', 'width': 4800}]",ChIJZwvvDqtLw4ARk5tJzL1bVVk,"{'compound_code': '4F23+MX Rancho Cucamonga, California', 'global_code': '85644F23+MX'}",0.0,ChIJZwvvDqtLw4ARk5tJzL1bVVk,GOOGLE,"['point_of_interest', 'establishment']",0,"8351 Rochester Ave, Rancho Cucamonga"
OPERATIONAL,"{'location': {'lat': 34.101733, 'lng': -117.782469}, 'viewport': {'northeast': {'lat': 34.10297552989272, 'lng': -117.7811621201073}, 'southwest': {'lat': 34.10027587010728, 'lng': -117.7838617798927}}}",https://maps.gstatic.com/mapfiles/place_api/icons/v1/png_71/generic_business-71.png,#7B9EB0,https://maps.gstatic.com/mapfiles/place_api/icons/v2/generic_pinlet,Precision Machine Work Inc.,{'open_now': True},,ChIJ1c4P8qovw4AR19mrlu7dm5c,"{'compound_code': '4629+M2 La Verne, California', 'global_code': '85644629+M2'}",0.0,ChIJ1c4P8qovw4AR19mrlu7dm5c,GOOGLE,"['point_of_interest', 'establishment']",0,"1455 Palomares Ave A & B, La Verne"
OPERATIONAL,"{'location': {'lat': 34.0436656, 'lng': -117.6070014}, 'viewport': {'northeast': {'lat': 34.04501542989271, 'lng': -117.6055594201073}, 'southwest': {'lat': 34.04231577010727, 'lng': -117.6082590798927}}}",https://maps.gstatic.com/mapfiles/place_api/icons/v1/png_71/generic_business-71.png,#7B9EB0,https://maps.gstatic.com/mapfiles/place_api/icons/v2/generic_pinlet,TIC Machining,{'open_now': True},"[{'height': 2448, 'html_attributions': ['<a href=""https://maps.google.com/maps/contrib/110923146581375565848"">TIC Machining</a>'], 'photo_reference': 'AWU5eFiX43V2jRgj58hWcUilO__RDGERuyhyXEnVscDQmQ4EjJVIplnEeCSYWv3aert05RWiGrNKpmEmOyMp4uieBjKYO_K0SqBteANtExvup1XEtoLlfMy5LXRv0CF3ZETOyrjGQjOi2hHLJCZS2E2uSagrd-D7GtSi7V7rSf9FSNZO-nyq', 'width': 3264}]",ChIJN0SgFeY0w4ARvId7tsPm0n4,"{'compound_code': '29VV+F5 Ontario, California', 'global_code': '856429VV+F5'}",0.0,ChIJN0SgFeY0w4ARvId7tsPm0n4,GOOGLE,"['point_of_interest', 'establishment']",0,"1614 S Carlos Ave a, Ontario"
OPERATIONAL,"{'location': {'lat': 34.0954351, 'lng': -117.7582963}, 'viewport': {'northeast': {'lat': 34.09676157989272, 'lng': -117.7568976201073}, 'southwest': {'lat': 34.09406192010727, 'lng': -117.7595972798927}}}",https://maps.gstatic.com/mapfiles/place_api/icons/v1/png_71/generic_business-71.png,#7B9EB0,https://maps.gstatic.com/mapfiles/place_api/icons/v2/generic_pinlet,DP Machining Inc.,{'open_now': True},"[{'height': 2448, 'html_attributions': ['<a href=""https://maps.google.com/maps/contrib/108769508523323690881"">D P Machining</a>'], 'photo_reference': 'AWU5eFgxo6xScrEstmUjrtok81AjZhe9XG_RPdZbJvfZHng3TLRwn8zrbM6VKwza7dM5Y7UaUmgdyKuQbdq4i1_ac7JXIDgWW5cwO0gD5pMwX35a1anMEpa0ZqkeSzaQsl0LgW81GlWd-5URjpZCFrcePOk7DVSIkpdBJF-r_2Deeh8_r2zR', 'width': 3264}]",ChIJPyfu1Tkuw4ARxUrJTHGJOG8,"{'compound_code': '36WR+5M La Verne, California', 'global_code': '856436WR+5M'}",0.0,ChIJPyfu1Tkuw4ARxUrJTHGJOG8,GOOGLE,"['point_of_interest', 'establishment']",0,"2978 1st St b, La Verne"
OPERATIONAL,"{'location': {'lat': 34.0613706, 'lng': -117.6788999}, 'viewport': {'northeast': {'lat': 34.06285897989272, 'lng': -117.6775546701073}, 'southwest': {'lat': 34.06015932010727, 'lng': -117.6802543298927}}}",https://maps.gstatic.com/mapfiles/place_api/icons/v1/png_71/generic_business-71.png,#7B9EB0,https://maps.gstatic.com/mapfiles/place_api/icons/v2/generic_pinlet,Upland Fab,{'open_now': True},"[{'height': 1362, 'html_attributions': ['<a href=""https://maps.google.com/maps/contrib/108847000095439518596"">Upland Fab</a>'], 'photo_reference': 'AWU5eFgDCYAZNXIivYEBpZII4zhO8q7-FqEOXr7Dd9kn-52EdQcO_Ks_xCPHQyIsFKWswQ59PAxkl55-y8H6IhIuml1ckDgFxvFc4zkFQ9aWDcM1e-HfdVw0xda9ChoLnAfachhEi8aQu__SpmnhM-NFjBmG09DhndeHVLTBCMr04AJAeAow', 'width': 2048}]",ChIJlXngJLgzw4ARsxuPXwhLwVs,"{'compound_code': '386C+FC Ontario, California', 'global_code': '8564386C+FC'}",4.0,ChIJlXngJLgzw4ARsxuPXwhLwVs,GOOGLE,"['point_of_interest', 'establishment']",4,"1445 Brooks St STE L, Ontario"
OPERATIONAL,"{'location': {'lat': 34.0968641, 'lng': -117.5694271}, 'viewport': {'northeast': {'lat': 34.09826492989272, 'lng': -117.5680762201073}, 'southwest': {'lat': 34.09556527010727, 'lng': -117.5707758798928}}}",https://maps.gstatic.com/mapfiles/place_api/icons/v1/png_71/generic_business-71.png,#7B9EB0,https://maps.gstatic.com/mapfiles/place_api/icons/v2/generic_pinlet,J C Precision Machine,{'open_now': True},,ChIJIQAmDuk1w4ARuGnt_QB5y4s,"{'compound_code': '3CWJ+P6 Rancho Cucamonga, California', 'global_code': '85643CWJ+P6'}",0.0,ChIJIQAmDuk1w4ARuGnt_QB5y4s,GOOGLE,"['point_of_interest', 'establishment']",0,"8576 Red Oak St, Rancho Cucamonga"
OPERATIONAL,"{'location': {'lat': 34.1189433, 'lng': -117.8178157}, 'viewport': {'northeast': {'lat': 34.12029342989272, 'lng': -117.8165203701073}, 'southwest': {'lat': 34.11759377010728, 'lng': -117.8192200298927}}}",https://maps.gstatic.com/mapfiles/place_api/icons/v1/png_71/generic_business-71.png,#7B9EB0,https://maps.gstatic.com/mapfiles/place_api/icons/v2/generic_pinlet,Eddie V Machine,{'open_now': True},"[{'height': 700, 'html_attributions': ['<a href=""https://maps.google.com/maps/contrib/104001423811237416839"">Drew Ashby</a>'], 'photo_reference': 'AWU5eFiz6ECUu3MePUbndi1K8pahYCoAe01G-eDmP5asTajKEcSbH1fLnfQ5sK4QBCYGPg8m5ybJx59LusfNfMvKXM1HWqd_v0upRIbJ2Bh9Tinzp_1MwGc-dbZ4jVZzmnuxMJ1LlgBSIv_OeZ2Utd_bk_t3cY-_351tmM313vasx_oPD9MJ', 'width': 1400}]",ChIJC8uHC5ovw4AR7NNRIIyF4go,"{'compound_code': '459J+HV San Dimas, California', 'global_code': '8564459J+HV'}",0.0,ChIJC8uHC5ovw4AR7NNRIIyF4go,GOOGLE,"['point_of_interest', 'establishment']",0,"545 W Allen Ave Unit 3, San Dimas"
OPERATIONAL,"{'location': {'lat': 33.895902, 'lng': -117.5672357}, 'viewport': {'northeast': {'lat': 33.89718172989271, 'lng': -117.5657312201073}, 'southwest': {'lat': 33.89448207010727, 'lng': -117.5684308798928}}}",https://maps.gstatic.com/mapfiles/place_api/icons/v1/png_71/generic_business-71.png,#7B9EB0,https://maps.gstatic.com/mapfiles/place_api/icons/v2/generic_pinlet,Sr Machining Inc,{'open_now': True},"[{'height': 2448, 'html_attributions': ['<a href=""https://maps.google.com/maps/contrib/103684094845997723122"">Sr Machining Inc</a>'], 'photo_reference': 'AWU5eFj8Hx6-NV81Ew4nCdGtNV5j7kOQlO0yoSF12hRhARl99tbWAoxuEYI6DgCeWaCM883xkO7gS0vAR-1mlPqtedjMzr-QuJs2IuGABz7KgGulnkZEFkO1r_wX-8SwF06Tnl6uLI9cg6FoyHdQ0-qfrAChYAhczFv6EypzsEwUgCousEoC', 'width': 3264}]",ChIJH5l4YFvI3IARJqRbjAhR80k,"{'compound_code': 'VCWM+94 Norco, California', 'global_code': '8554VCWM+94'}",3.3,ChIJH5l4YFvI3IARJqRbjAhR80k,GOOGLE,"['point_of_interest', 'establishment']",3,"640 Parkridge Ave, Norco"
OPERATIONAL,"{'location': {'lat': 34.0359984, 'lng': -117.6002994}, 'viewport': {'northeast': {'lat': 34.03738932989273, 'lng': -117.5989470201073}, 'southwest': {'lat': 34.03468967010728, 'lng': -117.6016466798927}}}",https://maps.gstatic.com/mapfiles/place_api/icons/v1/png_71/generic_business-71.png,#7B9EB0,https://maps.gstatic.com/mapfiles/place_api/icons/v2/generic_pinlet,Salomon Machine Shop,{'open_now': True},,ChIJZ4uDrN40w4ARQg5weOAHIYI,"{'compound_code': '29PX+CV Ontario, California', 'global_code': '856429PX+CV'}",5.0,ChIJZ4uDrN40w4ARQg5weOAHIYI,GOOGLE,"['point_of_interest', 'establishment']",1,"2081 S Hellman Ave # G, Ontario"
OPERATIONAL,"{'location': {'lat': 34.03966090000001, 'lng': -117.6375725}, 'viewport': {'northeast': {'lat': 34.04104332989272, 'lng': -117.6359152201073}, 'southwest': {'lat': 34.03834367010727, 'lng': -117.6386148798927}}}",https://maps.gstatic.com/mapfiles/place_api/icons/v1/png_71/generic_business-71.png,#7B9EB0,https://maps.gstatic.com/mapfiles/place_api/icons/v2/generic_pinlet,CAL Precision Inc,{'open_now': True},"[{'height': 2136, 'html_attributions': ['<a href=""https://maps.google.com/maps/contrib/101374455753438113034"">A Google User</a>'], 'photo_reference': 'AWU5eFieXxFFz1d9cp1EGyYsXAPvDvv1exTkRNnpbWUNaBDE0JQDqVylDzzp0Di6tfyJ5vBkpYCM6K9oBz9IhckvzIOqOn76rfcFNSJuClU8nUfQ6zhf51sITtZamPsT5jQLHSSNKepZ_PmgqF_14LQclkN5PH8iXvmB_hPNeU1OUwrzQqeL', 'width': 3216}]",ChIJwVVFt_fI3IARKdlacHWMj2U,"{'compound_code': '29Q6+RX Ontario, California', 'global_code': '856429Q6+RX'}",5.0,ChIJwVVFt_fI3IARKdlacHWMj2U,GOOGLE,"['point_of_interest', 'establishment']",1,"1856 S Bon View Ave, Ontario"
OPERATIONAL,"{'location': {'lat': 33.9169848, 'lng': -117.8593068}, 'viewport': {'northeast': {'lat': 33.91833457989272, 'lng': -117.8579881201073}, 'southwest': {'lat': 33.91563492010728, 'lng': -117.8606877798928}}}",https://maps.gstatic.com/mapfiles/place_api/icons/v1/png_71/generic_business-71.png,#7B9EB0,https://maps.gstatic.com/mapfiles/place_api/icons/v2/generic_pinlet,JAH Machine,{'open_now': True},,ChIJzdGkGgPV3IARxXwtVcXH0S8,"{'compound_code': 'W48R+Q9 Brea, California', 'global_code': '8554W48R+Q9'}",5.0,ChIJzdGkGgPV3IARxXwtVcXH0S8,GOOGLE,"['point_of_interest', 'establishment']",2,"280 Ranger St, Brea"
OPERATIONAL,"{'location': {'lat': 33.856394, 'lng': -117.844338}, 'viewport': {'northeast': {'lat': 33.85777722989272, 'lng': -117.8428437201073}, 'southwest': {'lat': 33.85507757010728, 'lng': -117.8455433798927}}}",https://maps.gstatic.com/mapfiles/place_api/icons/v1/png_71/generic_business-71.png,#7B9EB0,https://maps.gstatic.com/mapfiles/place_api/icons/v2/generic_pinlet,J J Machining LLC,{'open_now': True},"[{'height': 673, 'html_attributions': ['<a href=""https://maps.google.com/maps/contrib/112884923036635649924"">A Google User</a>'], 'photo_reference': 'AWU5eFgOhsdyofbVWuZTf2qFJM1SxBEVhBpkNCRZOUcXFQWFw9G-abjVc2GRnqQMqMXbDVE7ZaVsmPs_tZXsWp5f_cYtx8ud0TbHPYEjefwc_svEdmSb4tnS_wMwZhwbkXjUHwR_ODDTydfg-z7BVAdtH10h6Jxlu7cpyLhgffzGLINKusQe', 'width': 1011}]",ChIJVVVVVXjW3IARu3lV4R6mlsA,"{'compound_code': 'V544+H7 Anaheim, California', 'global_code': '8554V544+H7'}",5.0,ChIJVVVVVXjW3IARu3lV4R6mlsA,GOOGLE,"['point_of_interest', 'establishment']",2,"1153 N Fountain Way, Anaheim"
OPERATIONAL,"{'location': {'lat': 34.0361584, 'lng': -117.6008489}, 'viewport': {'northeast': {'lat': 34.03750112989272, 'lng': -117.5994991701073}, 'southwest': {'lat': 34.03480147010728, 'lng': -117.6021988298927}}}",https://maps.gstatic.com/mapfiles/place_api/icons/v1/png_71/generic_business-71.png,#7B9EB0,https://maps.gstatic.com/mapfiles/place_api/icons/v2/generic_pinlet,Sc Machining Inc.,{'open_now': True},"[{'height': 2841, 'html_attributions': ['<a href=""https://maps.google.com/maps/contrib/107528607581113411167"">S C Machining</a>'], 'photo_reference': 'AWU5eFgb8dWpIHpJkY92sADeqH8oKzN-h_QABxbNXjp1n26i9WemJYgXLxNDpQ8wEOF8EBsxdYChssMZiWyQOmcDXy1lSH_G-MCVOjrHOyaOxBPhAIkW6l1WVVZA41Qncr-y2uRdIajPb3StW85wW3QrmXVoNiExYwVBWcsDjqScQJi8Ccv1', 'width': 2852}]",ChIJhTrhpd40w4ARBs3HsJb32RI,"{'compound_code': '29PX+FM Ontario, California', 'global_code': '856429PX+FM'}",5.0,ChIJhTrhpd40w4ARBs3HsJb32RI,GOOGLE,"['point_of_interest', 'establishment']",1,"2049 S Hellman Ave ste s, Ontario"
OPERATIONAL,"{'location': {'lat': 33.8555358, 'lng': -117.8457824}, 'viewport': {'northeast': {'lat': 33.85686987989273, 'lng': -117.8444263201073}, 'southwest': {'lat': 33.85417022010729, 'lng': -117.8471259798927}}}",https://maps.gstatic.com/mapfiles/place_api/icons/v1/png_71/generic_business-71.png,#7B9EB0,https://maps.gstatic.com/mapfiles/place_api/icons/v2/generic_pinlet,PDL MACHINE INC.,{'open_now': True},"[{'height': 1440, 'html_attributions': ['<a href=""https://maps.google.com/maps/contrib/115432912203618547099"">plumbing right and wrong</a>'], 'photo_reference': 'AWU5eFitgbJ-WzEG3O9ZoH1KiPus8xfLNP4X30Vd7GdilMqL0Q6pW3Z3me-nnn4RrvN7m-GdZLBf5i_dXRujTW7t3PUW6Yic8vuGO5qDOycAVtjxpa14mP7-42qG4tqe1kJgLzKdRhWiN1U86hLXzw9tHLKjOvY-3OneUqNVC7dCU9KYw63l', 'width': 2560}]",ChIJ391nVcbW3IAR85csBnMy1GQ,"{'compound_code': 'V543+5M Anaheim, California', 'global_code': '8554V543+5M'}",5.0,ChIJ391nVcbW3IAR85csBnMy1GQ,GOOGLE,"['point_of_interest', 'establishment']",2,"1141 N Cosby Way unit k, Anaheim"
OPERATIONAL,"{'location': {'lat': 33.8838887, 'lng': -117.5883416}, 'viewport': {'northeast': {'lat': 33.88522917989273, 'lng': -117.5868636701073}, 'southwest': {'lat': 33.88252952010729, 'lng': -117.5895633298927}}}",https://maps.gstatic.com/mapfiles/place_api/icons/v1/png_71/generic_business-71.png,#7B9EB0,https://maps.gstatic.com/mapfiles/place_api/icons/v2/generic_pinlet,California Precision Machining,{'open_now': True},,ChIJPdXZrIrJ3IAR_-0MRjV2QxM,"{'compound_code': 'VCM6+HM Corona, California', 'global_code': '8554VCM6+HM'}",0.0,ChIJPdXZrIrJ3IAR_-0MRjV2QxM,GOOGLE,"['point_of_interest', 'establishment']",0,"130 N Sherman Ave Suite B, Corona"
OPERATIONAL,"{'location': {'lat': 33.8547166, 'lng': -117.8940534}, 'viewport': {'northeast': {'lat': 33.85601602989272, 'lng': -117.8927017701072}, 'southwest': {'lat': 33.85331637010728, 'lng': -117.8954014298927}}}",https://maps.gstatic.com/mapfiles/place_api/icons/v1/png_71/generic_business-71.png,#7B9EB0,https://maps.gstatic.com/mapfiles/place_api/icons/v2/generic_pinlet,"Dan's Machine Tool, INC.",{'open_now': True},"[{'height': 3872, 'html_attributions': ['<a href=""https://maps.google.com/maps/contrib/108905155057799829347"">dave kushner</a>'], 'photo_reference': 'AWU5eFiIro_guW8VLS1pPQhiT7hNgeseZpkHW5t0tTnTZIWn3DIwuTPB-s-mPOEHF_ti3rlARreA4j__ihOAMvHmPDgx1d1JjxZXQTHp59TXBZX9_RFGUEHWHCSYyVzI4hwFAmm23R6ceUnupIGlQnaSlbO70MmM3eBNRVufqRxaSBAH3GgL', 'width': 2592}]",ChIJbbBHs4Es3YAR5tj4aOXL300,"{'compound_code': 'V434+V9 Anaheim, California', 'global_code': '8554V434+V9'}",3.4,ChIJbbBHs4Es3YAR5tj4aOXL300,GOOGLE,"['point_of_interest', 'establishment']",5,"1405 N Baxter St, Anaheim"
OPERATIONAL,"{'location': {'lat': 33.920256, 'lng': -117.9095975}, 'viewport': {'northeast': {'lat': 33.92162422989273, 'lng': -117.9083942201073}, 'southwest': {'lat': 33.91892457010729, 'lng': -117.9110938798927}}}",https://maps.gstatic.com/mapfiles/place_api/icons/v1/png_71/generic_business-71.png,#7B9EB0,https://maps.gstatic.com/mapfiles/place_api/icons/v2/generic_pinlet,Bedard Machine,{'open_now': True},,ChIJuW9Qw27V3IAR_vywAhc19N8,"{'compound_code': 'W3CR+45 Brea, California', 'global_code': '8554W3CR+45'}",4.2,ChIJuW9Qw27V3IAR_vywAhc19N8,GOOGLE,"['point_of_interest', 'establishment']",5,"141 Viking Ave, Brea"
OPERATIONAL,"{'location': {'lat': 34.1022417, 'lng': -117.8171044}, 'viewport': {'northeast': {'lat': 34.10359187989272, 'lng': -117.8157423201073}, 'southwest': {'lat': 34.10089222010728, 'lng': -117.8184419798928}}}",https://maps.gstatic.com/mapfiles/place_api/icons/v1/png_71/generic_business-71.png,#7B9EB0,https://maps.gstatic.com/mapfiles/place_api/icons/v2/generic_pinlet,Golden Eagle Manufacturing,{'open_now': True},"[{'height': 1101, 'html_attributions': ['<a href=""https://maps.google.com/maps/contrib/105507259813037964512"">Michael Morrison</a>'], 'photo_reference': 'AWU5eFj8tSteIDwfyAqM3CL9MYDcoGC7WgGhfQpCAzustR4cDCEYS8aLP0ZFQINgvJZu6zBg-Hm7ZIztf0hA7edDFxpihDcae8EmdshSW_KsFcFasdsLl5KLl0MUmX2ADwst4ehZXtLcnWmqGKZu6cqh7gv3zGSbNO6KQYRme8Rhin7ZK_ko', 'width': 2350}]",ChIJn2ChxDovw4ARxvFd2GY6zqI,"{'compound_code': '452M+V4 San Dimas, California', 'global_code': '8564452M+V4'}",4.6,ChIJn2ChxDovw4ARxvFd2GY6zqI,GOOGLE,"['car_repair', 'store', 'point_of_interest', 'establishment']",10,"414 Borrego Ct, San Dimas"
OPERATIONAL,"{'location': {'lat': 33.8640003, 'lng': -117.8302371}, 'viewport': {'northeast': {'lat': 33.86533857989272, 'lng': -117.8288871201073}, 'southwest': {'lat': 33.86263892010728, 'lng': -117.8315867798928}}}",https://maps.gstatic.com/mapfiles/place_api/icons/v1/png_71/generic_business-71.png,#7B9EB0,https://maps.gstatic.com/mapfiles/place_api/icons/v2/generic_pinlet,EG Machine Corp.,{'open_now': True},"[{'height': 1454, 'html_attributions': ['<a href=""https://maps.google.com/maps/contrib/114175122298175839076"">A Google User</a>'], 'photo_reference': 'AWU5eFhahsKYfGHnmW88UekeSMyN4V_csnzNDpb1DkIVR-F3dGWKaLkW273riiR3BXQjcfBvMQb92bhYXPGf6p6KMRYxRYVHNIfyBlDuinCAvKBr28huBIdYA2JxL1K3wIa4Fwifg5joQ15uKTrJYqVq1ZjCOgeDfAkF7JKXRahicsLVmyo', 'width': 2045}]",ChIJ947jxErR3IARpv3EG47UH4U,"{'compound_code': 'V579+FW Placentia, California', 'global_code': '8554V579+FW'}",0.0,ChIJ947jxErR3IARpv3EG47UH4U,GOOGLE,"['point_of_interest', 'establishment']",0,"1624 Sierra Madre Cir, Placentia"
OPERATIONAL,"{'location': {'lat': 33.8585885, 'lng': -117.5430807}, 'viewport': {'northeast': {'lat': 33.86038992989272, 'lng': -117.5416747701073}, 'southwest': {'lat': 33.85769027010728, 'lng': -117.5443744298927}}}",https://maps.gstatic.com/mapfiles/place_api/icons/v1/png_71/generic_business-71.png,#7B9EB0,https://maps.gstatic.com/mapfiles/place_api/icons/v2/generic_pinlet,Action Industries,{'open_now': True},,ChIJ7U60SA-43IARpMpzBOO7Utk,"{'compound_code': 'VF54+CQ Corona, California', 'global_code': '8554VF54+CQ'}",4.6,ChIJ7U60SA-43IARpMpzBOO7Utk,GOOGLE,"['point_of_interest', 'establishment']",9,"1120 Olympic Dr, Corona"
OPERATIONAL,"{'location': {'lat': 33.8613472, 'lng': -117.5417446}, 'viewport': {'northeast': {'lat': 33.86281532989272, 'lng': -117.5403439201073}, 'southwest': {'lat': 33.86011567010728, 'lng': -117.5430435798927}}}",https://maps.gstatic.com/mapfiles/place_api/icons/v1/png_71/generic_business-71.png,#7B9EB0,https://maps.gstatic.com/mapfiles/place_api/icons/v2/generic_pinlet,Hoosier Precision Machining,{'open_now': True},"[{'height': 1000, 'html_attributions': ['<a href=""https://maps.google.com/maps/contrib/104093893557285787322"">A Google User</a>'], 'photo_reference': 'AWU5eFjMnV3IYZ25fBBxuiHYn1gLB0mt8KJLwirXuC-FDUcRSklAK4zSjWVdDI-rpc58H9GNE95OVPxd73YMvgifXBpBcnG7L6wULQF4L9vnuXYbWxywL1vYzasAOUONDwkEhIVLD386CpDrjDBSusj78LOXkHN0fvft_8zDUoOjSq_FTnkK', 'width': 1465}]",ChIJJyDSlwW43IAR3B8ezMLNQMk,"{'compound_code': 'VF65+F7 Corona, California', 'global_code': '8554VF65+F7'}",1.8,ChIJJyDSlwW43IAR3B8ezMLNQMk,GOOGLE,"['point_of_interest', 'establishment']",8,"1152 California Ave, Corona"
OPERATIONAL,"{'location': {'lat': 34.035658, 'lng': -117.6294799}, 'viewport': {'northeast': {'lat': 34.03699807989273, 'lng': -117.6281299701073}, 'southwest': {'lat': 34.03429842010728, 'lng': -117.6308296298928}}}",https://maps.gstatic.com/mapfiles/place_api/icons/v1/png_71/generic_business-71.png,#7B9EB0,https://maps.gstatic.com/mapfiles/place_api/icons/v2/generic_pinlet,Paco's Machine Shop,{'open_now': True},"[{'height': 774, 'html_attributions': ['<a href=""https://maps.google.com/maps/contrib/112291999955901377740"">A Google User</a>'], 'photo_reference': 'AWU5eFh9MtjAg8fcJOGk4AovT1UH5zQKWiC6pZRr3jG2OGyJx8QJTXEs7DH9Kkfa4tSBS6_aHze66XC7698s5RQk2dKh5_pYus8vDBNgNXQV0UhfNA9EnMQtclLAAMjAB7tr3yEqxf684rYFfVXJ_rlwvpnxSZfqFdrHaOFWAY2JiF3btlsZ', 'width': 1376}]",ChIJHZwLBeo1w4ARASfhh144mf4,"{'compound_code': '29PC+76 Ontario, California', 'global_code': '856429PC+76'}",0.0,ChIJHZwLBeo1w4ARASfhh144mf4,GOOGLE,"['point_of_interest', 'establishment']",0,"2124 S Grove Ave Suite #E, Ontario"
OPERATIONAL,"{'location': {'lat': 33.861359, 'lng': -117.8289906}, 'viewport': {'northeast': {'lat': 33.86258722989272, 'lng': -117.8276394201073}, 'southwest': {'lat': 33.85988757010728, 'lng': -117.8303390798927}}}",https://maps.gstatic.com/mapfiles/place_api/icons/v1/png_71/generic_business-71.png,#7B9EB0,https://maps.gstatic.com/mapfiles/place_api/icons/v2/generic_pinlet,Kempton Machine Works,{'open_now': True},"[{'height': 3024, 'html_attributions': ['<a href=""https://maps.google.com/maps/contrib/103971621417778563393"">J d</a>'], 'photo_reference': 'AWU5eFjHh6_KVTxvJImI3614GXhC_N1qBU8tu385_Nj4D23LvLnsAhD2YwNi3Ruy9DHnbObGDYIsu3kFNDA4tKdkUS_hlUY-0KRsaB2nkD4W5cyWFO1od-Im2JosKlkbYfupvLcinXNVGNDYfTfFJHc9VL3Exb0i3IXXCd_nA2vq4SO5IAfP', 'width': 4032}]",ChIJ3_S8BkjR3IAREAUQ60wQvuY,"{'compound_code': 'V56C+GC Anaheim, California', 'global_code': '8554V56C+GC'}",5.0,ChIJ3_S8BkjR3IAREAUQ60wQvuY,GOOGLE,"['point_of_interest', 'establishment']",1,"4070 E Leaverton Ct, Anaheim"
OPERATIONAL,"{'location': {'lat': 33.8836839, 'lng': -117.6098159}, 'viewport': {'northeast': {'lat': 33.88499952989272, 'lng': -117.6084210201073}, 'southwest': {'lat': 33.88229987010727, 'lng': -117.6111206798927}}}",https://maps.gstatic.com/mapfiles/place_api/icons/v1/png_71/generic_business-71.png,#7B9EB0,https://maps.gstatic.com/mapfiles/place_api/icons/v2/generic_pinlet,"Premier Gear & Machining, Inc.",{'open_now': True},,ChIJHVL4OvHI3IARzB45i9foNys,"{'compound_code': 'V9MR+C3 Corona, California', 'global_code': '8554V9MR+C3'}",0.0,ChIJHVL4OvHI3IARzB45i9foNys,GOOGLE,"['point_of_interest', 'establishment']",0,"2360 Pomona Rd, Corona"
OPERATIONAL,"{'location': {'lat': 33.8763655, 'lng': -117.7385952}, 'viewport': {'northeast': {'lat': 33.87767752989271, 'lng': -117.7372583201073}, 'southwest': {'lat': 33.87497787010727, 'lng': -117.7399579798927}}}",https://maps.gstatic.com/mapfiles/place_api/icons/v1/png_71/generic_business-71.png,#7B9EB0,https://maps.gstatic.com/mapfiles/place_api/icons/v2/generic_pinlet,Ramsey Machine Services,{'open_now': True},,ChIJh4afYdjR3IARpmFR3o-Ad0k,"{'compound_code': 'V7G6+HH Yorba Linda, California', 'global_code': '8554V7G6+HH'}",0.0,ChIJh4afYdjR3IARpmFR3o-Ad0k,GOOGLE,"['point_of_interest', 'establishment']",0,"22765 Savi Ranch Pkwy, Yorba Linda"
OPERATIONAL,"{'location': {'lat': 34.0895425, 'lng': -117.4865829}, 'viewport': {'northeast': {'lat': 34.09089257989272, 'lng': -117.4852735701073}, 'southwest': {'lat': 34.08819292010728, 'lng': -117.4879732298927}}}",https://maps.gstatic.com/mapfiles/place_api/icons/v1/png_71/generic_business-71.png,#7B9EB0,https://maps.gstatic.com/mapfiles/place_api/icons/v2/generic_pinlet,Santa Fe Machine Works,{'open_now': True},"[{'height': 755, 'html_attributions': ['<a href=""https://maps.google.com/maps/contrib/116962778992800283424"">A Google User</a>'], 'photo_reference': 'AWU5eFjfPScrEqniQVeMDguAg8BFjQCLXQEpOy53dgOMYG4bd6tbQbbpk77jPfUVKfQVbZ7NnjGsm8BB5Du2kBNENFJXtMMTPRCZDaujgdBxnWtpLlWFEBvZNRIPPfpuGGeD_vaFDUcXzrimFijFu_VRF7yXkWZSWFXd5v9JKkrwCfK3fPlL', 'width': 1887}]",ChIJuZyH3wlLw4ARYOT1dGY1CJA,"{'compound_code': '3GQ7+R9 Fontana, California', 'global_code': '85643GQ7+R9'}",0.0,ChIJuZyH3wlLw4ARYOT1dGY1CJA,GOOGLE,"['point_of_interest', 'establishment']",0,"14578 Rancho Vista Dr #4277, Fontana"
OPERATIONAL,"{'location': {'lat': 33.8649031, 'lng': -117.8894883}, 'viewport': {'northeast': {'lat': 33.86628252989271, 'lng': -117.8881381201073}, 'southwest': {'lat': 33.86358287010727, 'lng': -117.8908377798927}}}",https://maps.gstatic.com/mapfiles/place_api/icons/v1/png_71/generic_business-71.png,#7B9EB0,https://maps.gstatic.com/mapfiles/place_api/icons/v2/generic_pinlet,Mason Machine & Tool,{'open_now': True},"[{'height': 3456, 'html_attributions': ['<a href=""https://maps.google.com/maps/contrib/100795977523303709844"">A Google User</a>'], 'photo_reference': 'AWU5eFitCW1jjG-hRWAZFCOQfTFSe--MUbmCmJqbh6RCtyKNO_6MGhOlTLpj4lhn5cIX48PMg3CfDKtJ4bULZhncbCQ6sRQJvQMObG6SoN5NGj95Nhnehv9hVSQHleF6dzpySnaXUCbwo6VO8Jdfvh-UZjmRdl3OnWkUb4uQ8t3ulC4IUKDs', 'width': 4608}]",ChIJD7DMK3jW3IARAs_eNx3XwzI,"{'compound_code': 'V476+X6 Fullerton, California', 'global_code': '8554V476+X6'}",0.0,ChIJD7DMK3jW3IARAs_eNx3XwzI,GOOGLE,"['point_of_interest', 'establishment']",0,"651 S State College Blvd, Fullerton"
OPERATIONAL,"{'location': {'lat': 34.0655996, 'lng': -117.5479924}, 'viewport': {'northeast': {'lat': 34.06680707989272, 'lng': -117.5466463201073}, 'southwest': {'lat': 34.06410742010727, 'lng': -117.5493459798927}}}",https://maps.gstatic.com/mapfiles/place_api/icons/v1/png_71/generic_business-71.png,#7B9EB0,https://maps.gstatic.com/mapfiles/place_api/icons/v2/generic_pinlet,Marlee Manufacturing,{'open_now': True},"[{'height': 2640, 'html_attributions': ['<a href=""https://maps.google.com/maps/contrib/112415120453112177034"">A Google User</a>'], 'photo_reference': 'AWU5eFhZSMaVIGx0P6ugX1TzZA-sPo_3JxJGBd7Zvx4FS5j0SZ1DPSLdM0yeFJD5EHE85YFEQYQGSZC6FoYAFZbVDkWCN2hIUuMAwG-DHjgP9cRRrY0ez8bpZ_zLsjhKM6WqzXz4DfZMH10dn-PXRkFc5PDuta1T-QjZITrjhZOH7HKiuGeS', 'width': 1980}]",ChIJH-kFPag1w4AR_ZOvR_9oAhw,"{'compound_code': '3F82+7R Ontario, California', 'global_code': '85643F82+7R'}",3.0,ChIJH-kFPag1w4AR_ZOvR_9oAhw,GOOGLE,"['point_of_interest', 'establishment']",7,"4711 E Guasti Rd, Ontario"
OPERATIONAL,"{'location': {'lat': 34.0956907, 'lng': -117.7797583}, 'viewport': {'northeast': {'lat': 34.09701272989273, 'lng': -117.7784249201072}, 'southwest': {'lat': 34.09431307010728, 'lng': -117.7811245798927}}}",https://maps.gstatic.com/mapfiles/place_api/icons/v1/png_71/generic_business-71.png,#7B9EB0,https://maps.gstatic.com/mapfiles/place_api/icons/v2/generic_pinlet,Beonca Machine Co,{'open_now': True},,ChIJqR_sGFQuw4AR885DSHdDyuQ,"{'compound_code': '36WC+74 La Verne, California', 'global_code': '856436WC+74'}",5.0,ChIJqR_sGFQuw4AR885DSHdDyuQ,GOOGLE,"['point_of_interest', 'establishment']",2,"1680 Curtiss Ct, La Verne"
OPERATIONAL,"{'location': {'lat': 34.0085847, 'lng': -117.6938079}, 'viewport': {'northeast': {'lat': 34.01000357989273, 'lng': -117.6924603201073}, 'southwest': {'lat': 34.00730392010728, 'lng': -117.6951599798927}}}",https://maps.gstatic.com/mapfiles/place_api/icons/v1/png_71/generic_business-71.png,#7B9EB0,https://maps.gstatic.com/mapfiles/place_api/icons/v2/generic_pinlet,NIM Novoa Industrial Machine,{'open_now': True},"[{'height': 3456, 'html_attributions': ['<a href=""https://maps.google.com/maps/contrib/117643422424484051431"">Maria Novoa</a>'], 'photo_reference': 'AWU5eFiGD3AXBw9kR657F1kwMzkTnoUCXg4y5iS5QrtlJ9K2jhA-Oh5CfJfEyQw-uVz1UwqZZ7eCe9NygDi9yP7P48x0JDpsjnNprqRrFgntZEuI8p2sJfizY0yXnqjbtK-5iaWIkzOAl36aFux7VrVMNNR0_meK-pVZOKdUXrxe_Z6vN9Yf', 'width': 4608}]",ChIJn-Y3Ptgyw4ARapazsi_ggso,"{'compound_code': '2854+CF Chino, California', 'global_code': '85642854+CF'}",5.0,ChIJn-Y3Ptgyw4ARapazsi_ggso,GOOGLE,"['point_of_interest', 'establishment']",1,"13472 5th St #2, Chino"
OPERATIONAL,"{'location': {'lat': 34.0617719, 'lng': -117.6759199}, 'viewport': {'northeast': {'lat': 34.06307612989272, 'lng': -117.6745683201073}, 'southwest': {'lat': 34.06037647010728, 'lng': -117.6772679798927}}}",https://maps.gstatic.com/mapfiles/place_api/icons/v1/png_71/generic_business-71.png,#7B9EB0,https://maps.gstatic.com/mapfiles/place_api/icons/v2/generic_pinlet,BD Customs,{'open_now': True},"[{'height': 3024, 'html_attributions': ['<a href=""https://maps.google.com/maps/contrib/109605195775301917168"">A Google User</a>'], 'photo_reference': 'AWU5eFgGdqMId3sLbBNV0B1ILhckpMu7WwtUISlqKUZ-CpNA3vkbuHOcW_8KsFIpziukYdvYfb43Rq-FbvfCUQZcakwZNiiKwabBNm-cUMHLqlBAtch58GhJK0mLWVqgo8eburnaxx_UrbyUGQQgCltXec_3qR7kwWSNsC9-CRE265s8A4ZO', 'width': 4032}]",ChIJP15Eq7kzw4ARbF0R4Nh1uf8,"{'compound_code': '386F+JJ Ontario, California', 'global_code': '8564386F+JJ'}",5.0,ChIJP15Eq7kzw4ARbF0R4Nh1uf8,GOOGLE,"['point_of_interest', 'establishment']",10,"1339 Brooks St Suite C, Ontario"
OPERATIONAL,"{'location': {'lat': 34.0611763, 'lng': -117.7014694}, 'viewport': {'northeast': {'lat': 34.06256982989272, 'lng': -117.7001198701073}, 'southwest': {'lat': 34.05987017010728, 'lng': -117.7028195298927}}}",https://maps.gstatic.com/mapfiles/place_api/icons/v1/png_71/generic_business-71.png,#7B9EB0,https://maps.gstatic.com/mapfiles/place_api/icons/v2/generic_pinlet,AMS Antonio's Machine Shop,{'open_now': True},"[{'height': 912, 'html_attributions': ['<a href=""https://maps.google.com/maps/contrib/100420864629687206833"">Antonio&#39;s Machine Shop</a>'], 'photo_reference': 'AWU5eFhV9JqwOch5C6I-zijWYDP_TqrSxeHq8CQuZ9WmKhRB0T9opQ1BpD5nHQ9bDiJrdHP7rSZjHHJ0aPFEP1MwMG2x1OReuhIMnfFgFaSOycAF0WlFauRj5HHUPn_cOgicgF8rJ2yWLbHeX-CZz5kA5FeSuKVoTS1MhRBZhvLqdoD1HiHv', 'width': 1600}]",ChIJH42HaDcyw4ARbYTqMD4HB6U,"{'compound_code': '376X+FC Montclair, California', 'global_code': '8564376X+FC'}",4.7,ChIJH42HaDcyw4ARbYTqMD4HB6U,GOOGLE,"['point_of_interest', 'establishment']",3,"4743 Brooks St unit e, Montclair"
OPERATIONAL,"{'location': {'lat': 34.0595062, 'lng': -117.5502267}, 'viewport': {'northeast': {'lat': 34.06096677989272, 'lng': -117.5488753201073}, 'southwest': {'lat': 34.05826712010728, 'lng': -117.5515749798927}}}",https://maps.gstatic.com/mapfiles/place_api/icons/v1/png_71/generic_business-71.png,#7B9EB0,https://maps.gstatic.com/mapfiles/place_api/icons/v2/generic_pinlet,Selway Machine Tool Co Inc,{'open_now': True},"[{'height': 451, 'html_attributions': ['<a href=""https://maps.google.com/maps/contrib/113155948842014865966"">A Google User</a>'], 'photo_reference': 'AWU5eFi6AFyPwkhZrxH9OFg2sIl3qMoCHNgKz7iNe8LEnx_MT9-makX0WvmqykGK__9ghJTUorXIrMClNarXPBqKR4ovb7ZzXZaCcjzMNo0pJaDA9QrYuEZe4SkG-vI3CKbonlznbhauOY6YjADGdKokH5wFPBPsTNIRR_w3eTYZ-VacTbDP', 'width': 486}]",ChIJQ5I4EX0s3YARgZoejyFlXU4,"{'compound_code': '3C5X+RW Ontario, California', 'global_code': '85643C5X+RW'}",1.0,ChIJQ5I4EX0s3YARgZoejyFlXU4,GOOGLE,"['point_of_interest', 'establishment']",1,"4582 Brickell Privado, Ontario"
OPERATIONAL,"{'location': {'lat': 34.0355993, 'lng': -117.6008366}, 'viewport': {'northeast': {'lat': 34.03699877989272, 'lng': -117.5994862201073}, 'southwest': {'lat': 34.03429912010728, 'lng': -117.6021858798927}}}",https://maps.gstatic.com/mapfiles/place_api/icons/v1/png_71/generic_business-71.png,#7B9EB0,https://maps.gstatic.com/mapfiles/place_api/icons/v2/generic_pinlet,Sal's Machine,{'open_now': True},"[{'height': 2988, 'html_attributions': ['<a href=""https://maps.google.com/maps/contrib/114628538724235419319"">A Google User</a>'], 'photo_reference': 'AWU5eFjTmhUv_yKa5l2OM92Wnz8iNuUjBsVFtiGJu_WvKyA_2P_RDp8J_jBnNJQLL8HEwAbYhEsuiVEE0zWWzIj4i9xTx7AdPYdKSW16UkV1WKICt0mSZByanypyQ3aSWuJTl42p99T3peUPA713OjLR6cxbMcXFd_sXYnMwiCkLnvJ70dt3', 'width': 5312}]",ChIJQWs2Udk0w4ARvDqyp6BWc9o,"{'compound_code': '29PX+6M Ontario, California', 'global_code': '856429PX+6M'}",0.0,ChIJQWs2Udk0w4ARvDqyp6BWc9o,GOOGLE,"['point_of_interest', 'establishment']",0,"2115 S Hellman Ave, Ontario"
OPERATIONAL,"{'location': {'lat': 34.0578607, 'lng': -117.6936016}, 'viewport': {'northeast': {'lat': 34.05920937989272, 'lng': -117.6923741701073}, 'southwest': {'lat': 34.05650972010728, 'lng': -117.6950738298927}}}",https://maps.gstatic.com/mapfiles/place_api/icons/v1/png_71/generic_business-71.png,#7B9EB0,https://maps.gstatic.com/mapfiles/place_api/icons/v2/generic_pinlet,Axle Als Machine Shop,{'open_now': True},"[{'height': 3025, 'html_attributions': ['<a href=""https://maps.google.com/maps/contrib/113198497412961458780"">Axle Als Machine Shop</a>'], 'photo_reference': 'AWU5eFgOtRYg1Tazwg0Iz8XGTvsDmnnI9jNDjo4q-r0TBRz2LdcqMKk-d72upkej4549Qb6aPqic8Y_P4Zdx3FNl7sLJFINWmL4ppjHnp-3rbuAjVZEI0mAh7rYuko2z8WHmoFXxX4JaSjkWbGCmf85FFHBGJLRz2CcMtHCoviUGfE0kDPht', 'width': 3024}]",ChIJ5d09-Eoyw4ARiTGXWLhV3bQ,"{'compound_code': '3854+4H Ontario, California', 'global_code': '85643854+4H'}",3.0,ChIJ5d09-Eoyw4ARiTGXWLhV3bQ,GOOGLE,"['point_of_interest', 'establishment']",2,"10803 Fremont Ave Ste A, Ontario"
OPERATIONAL,"{'location': {'lat': 33.9295841, 'lng': -117.9007734}, 'viewport': {'northeast': {'lat': 33.93093752989271, 'lng': -117.8993477201073}, 'southwest': {'lat': 33.92823787010727, 'lng': -117.9020473798927}}}",https://maps.gstatic.com/mapfiles/place_api/icons/v1/png_71/generic_business-71.png,#7B9EB0,https://maps.gstatic.com/mapfiles/place_api/icons/v2/generic_pinlet,Omni Machine Corp,{'open_now': True},"[{'height': 960, 'html_attributions': ['<a href=""https://maps.google.com/maps/contrib/109859861910869494416"">A Google User</a>'], 'photo_reference': 'AWU5eFiYzHsviXnAqP0ixXbJaR0XodyPoR7iC7h7FbbBpRdWjm04P_tX_tIzXv6jUSJ9y9rUKb6SzjlDgFVJZV8pj9Fv1dzdZnDsSnFI8OOE1g9qG_ukLvFNeDCGIrbC90qL1T0v2kGLQs-QL_N8cwGu0wKVDSQe4XKBI5YGqzh911c_4DqX', 'width': 1280}]",ChIJ4WogQjHTwoARnDoxtZSfSW0,"{'compound_code': 'W3HX+RM Brea, California', 'global_code': '8554W3HX+RM'}",5.0,ChIJ4WogQjHTwoARnDoxtZSfSW0,GOOGLE,"['point_of_interest', 'establishment']",1,"420 Atlas St, Brea"
OPERATIONAL,"{'location': {'lat': 34.0081476, 'lng': -117.6937973}, 'viewport': {'northeast': {'lat': 34.00951242989272, 'lng': -117.6924477701073}, 'southwest': {'lat': 34.00681277010728, 'lng': -117.6951474298927}}}",https://maps.gstatic.com/mapfiles/place_api/icons/v1/png_71/generic_business-71.png,#7B9EB0,https://maps.gstatic.com/mapfiles/place_api/icons/v2/generic_pinlet,C2C Industries LLC,{'open_now': True},"[{'height': 3024, 'html_attributions': ['<a href=""https://maps.google.com/maps/contrib/104848515467334179822"">C2C Industries LLC</a>'], 'photo_reference': 'AWU5eFgWxd0tcnnzSBQ3Xtzblz_irLPXTpE1C_r3APzHoYYlVu8leLumTqOJ4tuw8hC9HvI4vv42kMEdRfVtH5S_A6lRzjIc32INP26k1-8mE9MaKKPkC3NTK294eD1sAHUJ2_vQTLdlFQUygqQU-RwFWhZFVgA8m7UpJ-CWJNjh_YpjU9WU', 'width': 4032}]",ChIJ1SGDftcyw4ARo3R3y7_zjaE,"{'compound_code': '2854+7F Chino, California', 'global_code': '85642854+7F'}",5.0,ChIJ1SGDftcyw4ARo3R3y7_zjaE,GOOGLE,"['point_of_interest', 'establishment']",1,"13488 5th St, Chino"
OPERATIONAL,"{'location': {'lat': 33.8558804, 'lng': -117.8914454}, 'viewport': {'northeast': {'lat': 33.85713762989273, 'lng': -117.8900494701073}, 'southwest': {'lat': 33.85443797010728, 'lng': -117.8927491298928}}}",https://maps.gstatic.com/mapfiles/place_api/icons/v1/png_71/generic_business-71.png,#7B9EB0,https://maps.gstatic.com/mapfiles/place_api/icons/v2/generic_pinlet,Freeway Machine & Welding Shop,{'open_now': True},,ChIJTdiV5qPZ3IARmFPRhTfE1e0,"{'compound_code': 'V445+9G Anaheim, California', 'global_code': '8554V445+9G'}",5.0,ChIJTdiV5qPZ3IARmFPRhTfE1e0,GOOGLE,"['point_of_interest', 'establishment']",1,"1440 N Burton Pl, Anaheim"
OPERATIONAL,"{'location': {'lat': 34.0570592, 'lng': -117.6369113}, 'viewport': {'northeast': {'lat': 34.05840282989272, 'lng': -117.6354122201073}, 'southwest': {'lat': 34.05570317010728, 'lng': -117.6381118798927}}}",https://maps.gstatic.com/mapfiles/place_api/icons/v1/png_71/generic_business-71.png,#7B9EB0,https://maps.gstatic.com/mapfiles/place_api/icons/v2/generic_pinlet,Primos Cylinder Head Inc.,{'open_now': True},"[{'height': 3024, 'html_attributions': ['<a href=""https://maps.google.com/maps/contrib/113499910113614433798"">Marc Cram</a>'], 'photo_reference': 'AWU5eFhSXUm6MVESzOO_HJYG3Bk7Kuym5o8_UUVHBDVR51znuywlZxpwCzrqmfaYXCIn8Q96lrqFNwtf_DcmB3UyqOGqDgCwVjAilp8IJajb8gftmyHPm4lUGt9hNGv6fcgUHa59Fem7Us66JkJfd1wshhjMPM0gEEHG0cQvDMEQLDhuPRd_', 'width': 4032}]",ChIJOdy3GXw0w4ARyjRK5GFNR3M,"{'compound_code': '3947+R6 Ontario, California', 'global_code': '85643947+R6'}",4.6,ChIJOdy3GXw0w4ARyjRK5GFNR3M,GOOGLE,"['point_of_interest', 'establishment']",14,"630 S Bon View Ave, Ontario"
