business_status,geometry,icon,icon_background_color,icon_mask_base_uri,name,place_id,plus_code,rating,reference,scope,types,user_ratings_total,vicinity,opening_hours,photos,permanently_closed
OPERATIONAL,"{'location': {'lat': 34.1141508, 'lng': -117.8256747}, 'viewport': {'northeast': {'lat': 34.11546252989272, 'lng': -117.8243230201073}, 'southwest': {'lat': 34.11276287010728, 'lng': -117.8270226798927}}}",https://maps.gstatic.com/mapfiles/place_api/icons/v1/png_71/generic_business-71.png,#7B9EB0,https://maps.gstatic.com/mapfiles/place_api/icons/v2/generic_pinlet,Southwest Edm,ChIJT3eTerEow4ARoPs5aeeCnZw,"{'compound_code': '457F+MP Glendora, California', 'global_code': '8564457F+MP'}",5,ChIJT3eTerEow4ARoPs5aeeCnZw,GOOGLE,"['point_of_interest', 'establishment']",1,"2041 W Gladstone St # F, Glendora",,,
OPERATIONAL,"{'location': {'lat': 33.8703259, 'lng': -117.7556166}, 'viewport': {'northeast': {'lat': 33.87164627989272, 'lng': -117.7543485701073}, 'southwest': {'lat': 33.86894662010727, 'lng': -117.7570482298927}}}",https://maps.gstatic.com/mapfiles/place_api/icons/v1/png_71/generic_business-71.png,#7B9EB0,https://maps.gstatic.com/mapfiles/place_api/icons/v2/generic_pinlet,"Quality EDM, Inc",ChIJPSRq2drR3IARah6s6vDpXGE,"{'compound_code': 'V6CV+4Q Anaheim, California', 'global_code': '8554V6CV+4Q'}",0,ChIJPSRq2drR3IARah6s6vDpXGE,GOOGLE,"['point_of_interest', 'establishment']",0,"8025 E Crystal Dr, Anaheim",{'open_now': False},"[{'height': 850, 'html_attributions': ['<a href=""https://maps.google.com/maps/contrib/103351307673083332232"">A Google User</a>'], 'photo_reference': 'AWU5eFg_j1jzleDm2mHnAmjZN3YO5-rNiLy1zX69MIU0dba0OPvgj9SBp-jYgYvXmM7ofldCfwC1qVJpuQYfjVftX4cbLNoxkF9nUMdYsmHAYqfWb8C1ItkJqmF1SwyEhkdBBAVzi8UGCZWjatBUU2Selq7r55v3fr7LxIx3ZajSFhfK923q', 'width': 1920}]",
OPERATIONAL,"{'location': {'lat': 33.8842973, 'lng': -117.5843483}, 'viewport': {'northeast': {'lat': 33.88565367989272, 'lng': -117.5830623201072}, 'southwest': {'lat': 33.88295402010728, 'lng': -117.5857619798927}}}",https://maps.gstatic.com/mapfiles/place_api/icons/v1/png_71/generic_business-71.png,#7B9EB0,https://maps.gstatic.com/mapfiles/place_api/icons/v2/generic_pinlet,Diemold Services Wire EDM,ChIJJ8Iv0kLI3IARdabJ1_PabqI,"{'compound_code': 'VCM8+P7 Corona, California', 'global_code': '8554VCM8+P7'}",5,ChIJJ8Iv0kLI3IARdabJ1_PabqI,GOOGLE,"['point_of_interest', 'establishment']",1,"1149 Pomona Rd STE C, Corona",{'open_now': False},,
OPERATIONAL,"{'location': {'lat': 33.9995847, 'lng': -117.6967984}, 'viewport': {'northeast': {'lat': 34.00083852989272, 'lng': -117.6954572201073}, 'southwest': {'lat': 33.99813887010728, 'lng': -117.6981568798927}}}",https://maps.gstatic.com/mapfiles/place_api/icons/v1/png_71/generic_business-71.png,#7B9EB0,https://maps.gstatic.com/mapfiles/place_api/icons/v2/generic_pinlet,EDM Recycling Inc.,ChIJ24Uve9Myw4ARo_cUPXXWUV4,"{'compound_code': 'X8X3+M7 Chino, California', 'global_code': '8554X8X3+M7'}",5,ChIJ24Uve9Myw4ARo_cUPXXWUV4,GOOGLE,"['point_of_interest', 'establishment']",4,"13975 Monte Vista Ave, Chino",{'open_now': True},"[{'height': 3024, 'html_attributions': ['<a href=""https://maps.google.com/maps/contrib/107880517926620517627"">A Google User</a>'], 'photo_reference': 'AWU5eFjIthLYChvFBioJmYz42t5n16r59SP-sQlF78N5zjg1Lj2rUXA--UOPQbOizQLKSZ5TJ6aez4_Yb3N18wa8uZW_lOh2PO3fXEaU4Paegd97489R0YOinEM-_lWtC-dz2pXEugcukOBHtSBpjqDC6I_XYjwsdC-mtS8fo1b6dAdGOqZP', 'width': 4032}]",
OPERATIONAL,"{'location': {'lat': 33.9294197, 'lng': -117.901052}, 'viewport': {'northeast': {'lat': 33.93079307989272, 'lng': -117.8997531201073}, 'southwest': {'lat': 33.92809342010728, 'lng': -117.9024527798927}}}",https://maps.gstatic.com/mapfiles/place_api/icons/v1/png_71/generic_business-71.png,#7B9EB0,https://maps.gstatic.com/mapfiles/place_api/icons/v2/generic_pinlet,"Able Wire EDM, INC.",ChIJf-RIfz_V3IARTLhgVn9LV3Y,"{'compound_code': 'W3HX+QH Brea, California', 'global_code': '8554W3HX+QH'}",0,ChIJf-RIfz_V3IARTLhgVn9LV3Y,GOOGLE,"['point_of_interest', 'establishment']",0,"440 Atlas St, Brea",{'open_now': True},,
OPERATIONAL,"{'location': {'lat': 33.8550173, 'lng': -117.8454154}, 'viewport': {'northeast': {'lat': 33.85639312989272, 'lng': -117.8440767201073}, 'southwest': {'lat': 33.85369347010727, 'lng': -117.8467763798927}}}",https://maps.gstatic.com/mapfiles/place_api/icons/v1/png_71/generic_business-71.png,#7B9EB0,https://maps.gstatic.com/mapfiles/place_api/icons/v2/generic_pinlet,R Davis EDM,ChIJw9jgVcbW3IARKN9YvIxcvgQ,"{'compound_code': 'V543+2R Anaheim, California', 'global_code': '8554V543+2R'}",0,ChIJw9jgVcbW3IARKN9YvIxcvgQ,GOOGLE,"['point_of_interest', 'establishment']",0,"1121 N Cosby Way # K, Anaheim",,,
OPERATIONAL,"{'location': {'lat': 34.1020626, 'lng': -117.8157906}, 'viewport': {'northeast': {'lat': 34.10335687989272, 'lng': -117.8144256201073}, 'southwest': {'lat': 34.10065722010728, 'lng': -117.8171252798927}}}",https://maps.gstatic.com/mapfiles/place_api/icons/v1/png_71/generic_business-71.png,#7B9EB0,https://maps.gstatic.com/mapfiles/place_api/icons/v2/generic_pinlet,A & H Wire Edm,ChIJc-ByRzsvw4ARAtldlaIir4Q,"{'compound_code': '452M+RJ San Dimas, California', 'global_code': '8564452M+RJ'}",5,ChIJc-ByRzsvw4ARAtldlaIir4Q,GOOGLE,"['point_of_interest', 'establishment']",1,"474 W Arrow Hwy k, San Dimas",{'open_now': False},,
CLOSED_TEMPORARILY,"{'location': {'lat': 34.0118645, 'lng': -117.8596917}, 'viewport': {'northeast': {'lat': 34.01318107989272, 'lng': -117.8583969201073}, 'southwest': {'lat': 34.01048142010728, 'lng': -117.8610965798928}}}",https://maps.gstatic.com/mapfiles/place_api/icons/v1/png_71/generic_business-71.png,#7B9EB0,https://maps.gstatic.com/mapfiles/place_api/icons/v2/generic_pinlet,Mix 247 EDM,ChIJl2yBwjcrw4ARcujOtdSv7DE,"{'compound_code': '246R+P4 Walnut, California', 'global_code': '8564246R+P4'}",0,ChIJl2yBwjcrw4ARcujOtdSv7DE,GOOGLE,"['point_of_interest', 'establishment']",0,"340 S Lemon Ave #2576, Walnut",,,True
OPERATIONAL,"{'location': {'lat': 33.8703259, 'lng': -117.7556166}, 'viewport': {'northeast': {'lat': 33.87164627989272, 'lng': -117.7543485701073}, 'southwest': {'lat': 33.86894662010727, 'lng': -117.7570482298927}}}",https://maps.gstatic.com/mapfiles/place_api/icons/v1/png_71/generic_business-71.png,#7B9EB0,https://maps.gstatic.com/mapfiles/place_api/icons/v2/generic_pinlet,"Quality EDM, Inc",ChIJPSRq2drR3IARah6s6vDpXGE,"{'compound_code': 'V6CV+4Q Anaheim, California', 'global_code': '8554V6CV+4Q'}",0,ChIJPSRq2drR3IARah6s6vDpXGE,GOOGLE,"['point_of_interest', 'establishment']",0,"8025 E Crystal Dr, Anaheim",{'open_now': False},"[{'height': 1536, 'html_attributions': ['<a href=""https://maps.google.com/maps/contrib/103351307673083332232"">A Google User</a>'], 'photo_reference': 'AWU5eFgDgIisbwLUJmWJa2IZCXqwY4FW-0ezifJFkyaETfPBbWX3ZpuhLnEB1kUx3F5SLa4vI-yDN3BtwnZpXz63n9TEVmMh6aMGiFznbkpBclvJtQgghC2PEK_lE3DKsLN5Jy7spWJnPllN0yP8YW8K6nUvIX_gNeHJBpFun74NG7-fQbcO', 'width': 2048}]",
OPERATIONAL,"{'location': {'lat': 33.9294197, 'lng': -117.901052}, 'viewport': {'northeast': {'lat': 33.93079307989272, 'lng': -117.8997531201073}, 'southwest': {'lat': 33.92809342010728, 'lng': -117.9024527798927}}}",https://maps.gstatic.com/mapfiles/place_api/icons/v1/png_71/generic_business-71.png,#7B9EB0,https://maps.gstatic.com/mapfiles/place_api/icons/v2/generic_pinlet,"Able Wire EDM, INC.",ChIJf-RIfz_V3IARTLhgVn9LV3Y,"{'compound_code': 'W3HX+QH Brea, California', 'global_code': '8554W3HX+QH'}",0,ChIJf-RIfz_V3IARTLhgVn9LV3Y,GOOGLE,"['point_of_interest', 'establishment']",0,"440 Atlas St, Brea",{'open_now': True},,
OPERATIONAL,"{'location': {'lat': 33.8842973, 'lng': -117.5843483}, 'viewport': {'northeast': {'lat': 33.88565367989272, 'lng': -117.5830623201072}, 'southwest': {'lat': 33.88295402010728, 'lng': -117.5857619798927}}}",https://maps.gstatic.com/mapfiles/place_api/icons/v1/png_71/generic_business-71.png,#7B9EB0,https://maps.gstatic.com/mapfiles/place_api/icons/v2/generic_pinlet,Diemold Services Wire EDM,ChIJJ8Iv0kLI3IARdabJ1_PabqI,"{'compound_code': 'VCM8+P7 Corona, California', 'global_code': '8554VCM8+P7'}",5,ChIJJ8Iv0kLI3IARdabJ1_PabqI,GOOGLE,"['point_of_interest', 'establishment']",1,"1149 Pomona Rd STE C, Corona",{'open_now': False},,
OPERATIONAL,"{'location': {'lat': 33.8550173, 'lng': -117.8454154}, 'viewport': {'northeast': {'lat': 33.85639312989272, 'lng': -117.8440767201073}, 'southwest': {'lat': 33.85369347010727, 'lng': -117.8467763798927}}}",https://maps.gstatic.com/mapfiles/place_api/icons/v1/png_71/generic_business-71.png,#7B9EB0,https://maps.gstatic.com/mapfiles/place_api/icons/v2/generic_pinlet,R Davis EDM,ChIJw9jgVcbW3IARKN9YvIxcvgQ,"{'compound_code': 'V543+2R Anaheim, California', 'global_code': '8554V543+2R'}",0,ChIJw9jgVcbW3IARKN9YvIxcvgQ,GOOGLE,"['point_of_interest', 'establishment']",0,"1121 N Cosby Way # K, Anaheim",,,
OPERATIONAL,"{'location': {'lat': 34.1020626, 'lng': -117.8157906}, 'viewport': {'northeast': {'lat': 34.10335687989272, 'lng': -117.8144256201073}, 'southwest': {'lat': 34.10065722010728, 'lng': -117.8171252798927}}}",https://maps.gstatic.com/mapfiles/place_api/icons/v1/png_71/generic_business-71.png,#7B9EB0,https://maps.gstatic.com/mapfiles/place_api/icons/v2/generic_pinlet,A & H Wire Edm,ChIJc-ByRzsvw4ARAtldlaIir4Q,"{'compound_code': '452M+RJ San Dimas, California', 'global_code': '8564452M+RJ'}",5,ChIJc-ByRzsvw4ARAtldlaIir4Q,GOOGLE,"['point_of_interest', 'establishment']",1,"474 W Arrow Hwy k, San Dimas",{'open_now': False},,
OPERATIONAL,"{'location': {'lat': 33.8764639, 'lng': -117.7378329}, 'viewport': {'northeast': {'lat': 33.87776242989272, 'lng': -117.7365226701073}, 'southwest': {'lat': 33.87506277010728, 'lng': -117.7392223298927}}}",https://maps.gstatic.com/mapfiles/place_api/icons/v1/png_71/generic_business-71.png,#7B9EB0,https://maps.gstatic.com/mapfiles/place_api/icons/v2/generic_pinlet,Elite Inc,ChIJlYfsXdjR3IAR80vS-cuyVho,"{'compound_code': 'V7G6+HV Yorba Linda, California', 'global_code': '8554V7G6+HV'}",5,ChIJlYfsXdjR3IAR80vS-cuyVho,GOOGLE,"['point_of_interest', 'establishment']",2,"22855 Savi Ranch Pkwy # B, Yorba Linda",,,
OPERATIONAL,"{'location': {'lat': 34.0937136, 'lng': -117.8694569}, 'viewport': {'northeast': {'lat': 34.09506297989272, 'lng': -117.8680088701073}, 'southwest': {'lat': 34.09236332010728, 'lng': -117.8707085298928}}}",https://maps.gstatic.com/mapfiles/place_api/icons/v1/png_71/generic_business-71.png,#7B9EB0,https://maps.gstatic.com/mapfiles/place_api/icons/v2/generic_pinlet,RTM Machining,ChIJ2dxnffEow4ARF9iHez9H7iw,"{'compound_code': '34VJ+F6 Covina, California', 'global_code': '856434VJ+F6'}",0,ChIJ2dxnffEow4ARF9iHez9H7iw,GOOGLE,"['point_of_interest', 'establishment']",0,"745 N Dodsworth Ave, Covina",{'open_now': False},,
OPERATIONAL,"{'location': {'lat': 34.0975477, 'lng': -117.5722271}, 'viewport': {'northeast': {'lat': 34.09894732989272, 'lng': -117.5708370701073}, 'southwest': {'lat': 34.09624767010728, 'lng': -117.5735367298928}}}",https://maps.gstatic.com/mapfiles/place_api/icons/v1/png_71/generic_business-71.png,#7B9EB0,https://maps.gstatic.com/mapfiles/place_api/icons/v2/generic_pinlet,Garcia Molds & Engineering,ChIJ9deFOug1w4ARmsVyT_XTIt8,"{'compound_code': '3CXH+25 Rancho Cucamonga, California', 'global_code': '85643CXH+25'}",5,ChIJ9deFOug1w4ARmsVyT_XTIt8,GOOGLE,"['point_of_interest', 'establishment']",1,"10641 Pullman Ct, Rancho Cucamonga",,,
OPERATIONAL,"{'location': {'lat': 34.0542705, 'lng': -117.802399}, 'viewport': {'northeast': {'lat': 34.05561922989272, 'lng': -117.8010481701073}, 'southwest': {'lat': 34.05291957010728, 'lng': -117.8037478298927}}}",https://maps.gstatic.com/mapfiles/place_api/icons/v1/png_71/generic_business-71.png,#7B9EB0,https://maps.gstatic.com/mapfiles/place_api/icons/v2/generic_pinlet,Wheeler Machinery Sales,ChIJTe-KNBbJwoARtqsrpOx1NvE,"{'compound_code': '353X+M3 Pomona, California', 'global_code': '8564353X+M3'}",4,ChIJTe-KNBbJwoARtqsrpOx1NvE,GOOGLE,"['point_of_interest', 'establishment']",6,"247 Pacific St, Pomona",{'open_now': False},"[{'height': 1536, 'html_attributions': ['<a href=""https://maps.google.com/maps/contrib/114234342791364949573"">Wheeler Machinery Sales</a>'], 'photo_reference': 'AWU5eFj-NdjJvNLw5X-ewnuNdALarlmHI9QYOVt-oRXHiCinAxmdIkunZGqVl9eB9TQRdffeMgajQH_Bk3RGSCbfMAb-r4218kgyhuDU9ksVvivaxZoN-FFwE8ecchcpumzyIpTU9PSOqZMnxvFZb2dejukzSCrgsHmV51CSsiad6mOl41Bf', 'width': 2048}]",
OPERATIONAL,"{'location': {'lat': 33.9294197, 'lng': -117.901052}, 'viewport': {'northeast': {'lat': 33.93079307989272, 'lng': -117.8997531201073}, 'southwest': {'lat': 33.92809342010728, 'lng': -117.9024527798927}}}",https://maps.gstatic.com/mapfiles/place_api/icons/v1/png_71/generic_business-71.png,#7B9EB0,https://maps.gstatic.com/mapfiles/place_api/icons/v2/generic_pinlet,"Able Wire EDM, INC.",ChIJf-RIfz_V3IARTLhgVn9LV3Y,"{'compound_code': 'W3HX+QH Brea, California', 'global_code': '8554W3HX+QH'}",0,ChIJf-RIfz_V3IARTLhgVn9LV3Y,GOOGLE,"['point_of_interest', 'establishment']",0,"440 Atlas St, Brea",{'open_now': True},,
OPERATIONAL,"{'location': {'lat': 34.1020626, 'lng': -117.8157906}, 'viewport': {'northeast': {'lat': 34.10335687989272, 'lng': -117.8144256201073}, 'southwest': {'lat': 34.10065722010728, 'lng': -117.8171252798927}}}",https://maps.gstatic.com/mapfiles/place_api/icons/v1/png_71/generic_business-71.png,#7B9EB0,https://maps.gstatic.com/mapfiles/place_api/icons/v2/generic_pinlet,A & H Wire Edm,ChIJc-ByRzsvw4ARAtldlaIir4Q,"{'compound_code': '452M+RJ San Dimas, California', 'global_code': '8564452M+RJ'}",5,ChIJc-ByRzsvw4ARAtldlaIir4Q,GOOGLE,"['point_of_interest', 'establishment']",1,"474 W Arrow Hwy k, San Dimas",{'open_now': False},,
OPERATIONAL,"{'location': {'lat': 33.8842973, 'lng': -117.5843483}, 'viewport': {'northeast': {'lat': 33.88565367989272, 'lng': -117.5830623201072}, 'southwest': {'lat': 33.88295402010728, 'lng': -117.5857619798927}}}",https://maps.gstatic.com/mapfiles/place_api/icons/v1/png_71/generic_business-71.png,#7B9EB0,https://maps.gstatic.com/mapfiles/place_api/icons/v2/generic_pinlet,Diemold Services Wire EDM,ChIJJ8Iv0kLI3IARdabJ1_PabqI,"{'compound_code': 'VCM8+P7 Corona, California', 'global_code': '8554VCM8+P7'}",5,ChIJJ8Iv0kLI3IARdabJ1_PabqI,GOOGLE,"['point_of_interest', 'establishment']",1,"1149 Pomona Rd STE C, Corona",{'open_now': False},,
OPERATIONAL,"{'location': {'lat': 33.8550173, 'lng': -117.8454154}, 'viewport': {'northeast': {'lat': 33.85639312989272, 'lng': -117.8440767201073}, 'southwest': {'lat': 33.85369347010727, 'lng': -117.8467763798927}}}",https://maps.gstatic.com/mapfiles/place_api/icons/v1/png_71/generic_business-71.png,#7B9EB0,https://maps.gstatic.com/mapfiles/place_api/icons/v2/generic_pinlet,R Davis EDM,ChIJw9jgVcbW3IARKN9YvIxcvgQ,"{'compound_code': 'V543+2R Anaheim, California', 'global_code': '8554V543+2R'}",0,ChIJw9jgVcbW3IARKN9YvIxcvgQ,GOOGLE,"['point_of_interest', 'establishment']",0,"1121 N Cosby Way # K, Anaheim",,,
OPERATIONAL,"{'location': {'lat': 33.8703259, 'lng': -117.7556166}, 'viewport': {'northeast': {'lat': 33.87164627989272, 'lng': -117.7543485701073}, 'southwest': {'lat': 33.86894662010727, 'lng': -117.7570482298927}}}",https://maps.gstatic.com/mapfiles/place_api/icons/v1/png_71/generic_business-71.png,#7B9EB0,https://maps.gstatic.com/mapfiles/place_api/icons/v2/generic_pinlet,"Quality EDM, Inc",ChIJPSRq2drR3IARah6s6vDpXGE,"{'compound_code': 'V6CV+4Q Anaheim, California', 'global_code': '8554V6CV+4Q'}",0,ChIJPSRq2drR3IARah6s6vDpXGE,GOOGLE,"['point_of_interest', 'establishment']",0,"8025 E Crystal Dr, Anaheim",{'open_now': False},"[{'height': 1536, 'html_attributions': ['<a href=""https://maps.google.com/maps/contrib/103351307673083332232"">A Google User</a>'], 'photo_reference': 'AWU5eFg0c5qaCP8vgZwyZCX7bF0RLjpUop-rbpwX15GHF-cGgxwMHymGsZGS8xoLZQ8_0vGhCp-wUGfy7ouEH7ZEFlEJLQnnsjMk4kHRG1FOJ19ToDWfmym8Z6CH9DZRcw4D7ImqzxC61l0S3ubwtmL4aquheY4cWvKtPDD_WA9mY6hd3Zt-', 'width': 2048}]",
